headline,date,stock
Apple CEO outlines growth strategy at investor conference,2025-10-27,AAPL
Apple beats revenue estimates for the third consecutive quarter,2025-10-27,AAPL
Amazon announces share buyback program worth $5 billion,2025-10-27,AMZN
Institutional investors increase stake in Amazon,2025-10-27,AMZN
Amazon CEO outlines growth strategy at investor conference,2025-10-27,AMZN
Google stock rises after positive product launch announcement,2025-10-27,GOOGL
Institutional investors increase stake in Google,2025-10-27,GOOGL
"Google reports strong quarterly earnings, beating analyst expectations",2025-10-27,GOOGL
Meta beats revenue estimates for the third consecutive quarter,2025-10-27,META
Meta partners with major firm to accelerate AI development,2025-10-27,META
"Meta reports strong quarterly earnings, beating analyst expectations",2025-10-27,META
Microsoft CEO outlines growth strategy at investor conference,2025-10-27,MSFT
Microsoft partners with major firm to accelerate AI development,2025-10-27,MSFT
Microsoft faces regulatory scrutiny over data privacy concerns,2025-10-27,MSFT
Nvidia stock rises after positive product launch announcement,2025-10-27,NVDA
Nvidia faces regulatory scrutiny over data privacy concerns,2025-10-27,NVDA
Nvidia CEO outlines growth strategy at investor conference,2025-10-27,NVDA
Tesla faces regulatory scrutiny over data privacy concerns,2025-10-27,TSLA
"Apple reports strong quarterly earnings, beating analyst expectations",2025-10-28,AAPL
Apple partners with major firm to accelerate AI development,2025-10-28,AAPL
Apple launches new product line targeting enterprise customers,2025-10-28,AAPL
Amazon stock rises after positive product launch announcement,2025-10-28,AMZN
Amazon CEO outlines growth strategy at investor conference,2025-10-28,AMZN
Google stock rises after positive product launch announcement,2025-10-28,GOOGL
Meta revenue falls short of forecasts amid market slowdown,2025-10-28,META
Microsoft partners with major firm to accelerate AI development,2025-10-28,MSFT
Microsoft stock rises after positive product launch announcement,2025-10-28,MSFT
Nvidia expands into new markets with strategic acquisition,2025-10-28,NVDA
Nvidia expands into new markets with strategic acquisition,2025-10-28,NVDA
Tesla cuts workforce as part of restructuring plan,2025-10-28,TSLA
Analysts upgrade Tesla citing improving fundamentals,2025-10-28,TSLA
Analysts upgrade Tesla citing improving fundamentals,2025-10-28,TSLA
Apple stock rises after positive product launch announcement,2025-10-29,AAPL
Apple stock under pressure after disappointing guidance,2025-10-29,AAPL
Institutional investors increase stake in Apple,2025-10-29,AAPL
Amazon announces share buyback program worth $5 billion,2025-10-29,AMZN
Amazon cuts workforce as part of restructuring plan,2025-10-29,AMZN
Google faces regulatory scrutiny over data privacy concerns,2025-10-29,GOOGL
Analysts upgrade Meta citing improving fundamentals,2025-10-29,META
Meta expands into new markets with strategic acquisition,2025-10-29,META
Microsoft beats revenue estimates for the third consecutive quarter,2025-10-29,MSFT
Microsoft launches new product line targeting enterprise customers,2025-10-29,MSFT
Institutional investors increase stake in Microsoft,2025-10-29,MSFT
Analysts upgrade Nvidia citing improving fundamentals,2025-10-29,NVDA
Tesla announces share buyback program worth $5 billion,2025-10-29,TSLA
Tesla stock rises after positive product launch announcement,2025-10-29,TSLA
Institutional investors increase stake in Apple,2025-10-30,AAPL
Apple CEO outlines growth strategy at investor conference,2025-10-30,AAPL
Apple expands into new markets with strategic acquisition,2025-10-30,AAPL
Amazon partners with major firm to accelerate AI development,2025-10-30,AMZN
Amazon revenue falls short of forecasts amid market slowdown,2025-10-30,AMZN
Analysts upgrade Google citing improving fundamentals,2025-10-30,GOOGL
Google stock under pressure after disappointing guidance,2025-10-30,GOOGL
Institutional investors increase stake in Meta,2025-10-30,META
Institutional investors increase stake in Microsoft,2025-10-30,MSFT
"Microsoft reports strong quarterly earnings, beating analyst expectations",2025-10-30,MSFT
Microsoft revenue falls short of forecasts amid market slowdown,2025-10-30,MSFT
Nvidia CEO outlines growth strategy at investor conference,2025-10-30,NVDA
Nvidia stock under pressure after disappointing guidance,2025-10-30,NVDA
Nvidia faces regulatory scrutiny over data privacy concerns,2025-10-30,NVDA
Tesla CEO outlines growth strategy at investor conference,2025-10-30,TSLA
Analysts upgrade Tesla citing improving fundamentals,2025-10-30,TSLA
Apple raises full-year guidance after strong performance,2025-10-31,AAPL
Apple announces share buyback program worth $5 billion,2025-10-31,AAPL
Apple launches new product line targeting enterprise customers,2025-10-31,AAPL
Amazon raises full-year guidance after strong performance,2025-10-31,AMZN
Analysts upgrade Amazon citing improving fundamentals,2025-10-31,AMZN
Amazon launches new product line targeting enterprise customers,2025-10-31,AMZN
Google faces regulatory scrutiny over data privacy concerns,2025-10-31,GOOGL
Analysts upgrade Google citing improving fundamentals,2025-10-31,GOOGL
Meta revenue falls short of forecasts amid market slowdown,2025-10-31,META
Institutional investors increase stake in Microsoft,2025-10-31,MSFT
Microsoft faces regulatory scrutiny over data privacy concerns,2025-10-31,MSFT
Microsoft faces regulatory scrutiny over data privacy concerns,2025-10-31,MSFT
Nvidia faces regulatory scrutiny over data privacy concerns,2025-10-31,NVDA
Nvidia announces share buyback program worth $5 billion,2025-10-31,NVDA
Nvidia faces regulatory scrutiny over data privacy concerns,2025-10-31,NVDA
Tesla faces regulatory scrutiny over data privacy concerns,2025-10-31,TSLA
"Tesla reports strong quarterly earnings, beating analyst expectations",2025-10-31,TSLA
Tesla stock rises after positive product launch announcement,2025-10-31,TSLA
Institutional investors increase stake in Apple,2025-11-03,AAPL
Apple partners with major firm to accelerate AI development,2025-11-03,AAPL
"Amazon reports strong quarterly earnings, beating analyst expectations",2025-11-03,AMZN
Amazon partners with major firm to accelerate AI development,2025-11-03,AMZN
Google raises full-year guidance after strong performance,2025-11-03,GOOGL
Institutional investors increase stake in Google,2025-11-03,GOOGL
Meta stock rises after positive product launch announcement,2025-11-03,META
Meta announces share buyback program worth $5 billion,2025-11-03,META
"Microsoft reports strong quarterly earnings, beating analyst expectations",2025-11-03,MSFT
Nvidia partners with major firm to accelerate AI development,2025-11-03,NVDA
"Nvidia reports strong quarterly earnings, beating analyst expectations",2025-11-03,NVDA
Tesla revenue falls short of forecasts amid market slowdown,2025-11-03,TSLA
Tesla announces share buyback program worth $5 billion,2025-11-03,TSLA
Tesla launches new product line targeting enterprise customers,2025-11-03,TSLA
"Apple reports strong quarterly earnings, beating analyst expectations",2025-11-04,AAPL
Amazon stock rises after positive product launch announcement,2025-11-04,AMZN
Amazon expands into new markets with strategic acquisition,2025-11-04,AMZN
Amazon stock under pressure after disappointing guidance,2025-11-04,AMZN
"Google reports strong quarterly earnings, beating analyst expectations",2025-11-04,GOOGL
Google revenue falls short of forecasts amid market slowdown,2025-11-04,GOOGL
Meta partners with major firm to accelerate AI development,2025-11-04,META
Microsoft revenue falls short of forecasts amid market slowdown,2025-11-04,MSFT
Institutional investors increase stake in Microsoft,2025-11-04,MSFT
Institutional investors increase stake in Microsoft,2025-11-04,MSFT
Nvidia announces share buyback program worth $5 billion,2025-11-04,NVDA
Nvidia beats revenue estimates for the third consecutive quarter,2025-11-04,NVDA
Tesla stock rises after positive product launch announcement,2025-11-04,TSLA
Analysts upgrade Tesla citing improving fundamentals,2025-11-04,TSLA
Tesla revenue falls short of forecasts amid market slowdown,2025-11-04,TSLA
Apple revenue falls short of forecasts amid market slowdown,2025-11-05,AAPL
Apple announces share buyback program worth $5 billion,2025-11-05,AAPL
Amazon beats revenue estimates for the third consecutive quarter,2025-11-05,AMZN
Analysts upgrade Google citing improving fundamentals,2025-11-05,GOOGL
Google faces regulatory scrutiny over data privacy concerns,2025-11-05,GOOGL
Google beats revenue estimates for the third consecutive quarter,2025-11-05,GOOGL
Meta stock rises after positive product launch announcement,2025-11-05,META
Meta announces share buyback program worth $5 billion,2025-11-05,META
"Meta reports strong quarterly earnings, beating analyst expectations",2025-11-05,META
Microsoft CEO outlines growth strategy at investor conference,2025-11-05,MSFT
Microsoft CEO outlines growth strategy at investor conference,2025-11-05,MSFT
Microsoft faces regulatory scrutiny over data privacy concerns,2025-11-05,MSFT
Nvidia faces regulatory scrutiny over data privacy concerns,2025-11-05,NVDA
Tesla expands into new markets with strategic acquisition,2025-11-05,TSLA
Tesla launches new product line targeting enterprise customers,2025-11-05,TSLA
Tesla beats revenue estimates for the third consecutive quarter,2025-11-05,TSLA
Apple beats revenue estimates for the third consecutive quarter,2025-11-06,AAPL
Apple cuts workforce as part of restructuring plan,2025-11-06,AAPL
Amazon faces regulatory scrutiny over data privacy concerns,2025-11-06,AMZN
"Amazon reports strong quarterly earnings, beating analyst expectations",2025-11-06,AMZN
"Amazon reports strong quarterly earnings, beating analyst expectations",2025-11-06,AMZN
Google launches new product line targeting enterprise customers,2025-11-06,GOOGL
Institutional investors increase stake in Google,2025-11-06,GOOGL
Google stock under pressure after disappointing guidance,2025-11-06,GOOGL
Meta stock rises after positive product launch announcement,2025-11-06,META
Microsoft beats revenue estimates for the third consecutive quarter,2025-11-06,MSFT
Microsoft partners with major firm to accelerate AI development,2025-11-06,MSFT
Nvidia stock under pressure after disappointing guidance,2025-11-06,NVDA
Analysts upgrade Tesla citing improving fundamentals,2025-11-06,TSLA
Tesla launches new product line targeting enterprise customers,2025-11-06,TSLA
Tesla revenue falls short of forecasts amid market slowdown,2025-11-06,TSLA
Apple launches new product line targeting enterprise customers,2025-11-07,AAPL
Apple CEO outlines growth strategy at investor conference,2025-11-07,AAPL
Apple stock rises after positive product launch announcement,2025-11-07,AAPL
Amazon revenue falls short of forecasts amid market slowdown,2025-11-07,AMZN
Amazon expands into new markets with strategic acquisition,2025-11-07,AMZN
Analysts upgrade Amazon citing improving fundamentals,2025-11-07,AMZN
Google launches new product line targeting enterprise customers,2025-11-07,GOOGL
Google announces share buyback program worth $5 billion,2025-11-07,GOOGL
Google launches new product line targeting enterprise customers,2025-11-07,GOOGL
Meta cuts workforce as part of restructuring plan,2025-11-07,META
Meta beats revenue estimates for the third consecutive quarter,2025-11-07,META
Meta expands into new markets with strategic acquisition,2025-11-07,META
Microsoft stock under pressure after disappointing guidance,2025-11-07,MSFT
Nvidia faces regulatory scrutiny over data privacy concerns,2025-11-07,NVDA
Nvidia stock under pressure after disappointing guidance,2025-11-07,NVDA
Tesla CEO outlines growth strategy at investor conference,2025-11-07,TSLA
Tesla partners with major firm to accelerate AI development,2025-11-07,TSLA
Apple cuts workforce as part of restructuring plan,2025-11-10,AAPL
Apple raises full-year guidance after strong performance,2025-11-10,AAPL
Amazon raises full-year guidance after strong performance,2025-11-10,AMZN
Google stock under pressure after disappointing guidance,2025-11-10,GOOGL
Google raises full-year guidance after strong performance,2025-11-10,GOOGL
Google stock under pressure after disappointing guidance,2025-11-10,GOOGL
Meta announces share buyback program worth $5 billion,2025-11-10,META
Meta cuts workforce as part of restructuring plan,2025-11-10,META
Meta stock rises after positive product launch announcement,2025-11-10,META
Microsoft stock rises after positive product launch announcement,2025-11-10,MSFT
Nvidia launches new product line targeting enterprise customers,2025-11-10,NVDA
Tesla CEO outlines growth strategy at investor conference,2025-11-10,TSLA
Tesla stock rises after positive product launch announcement,2025-11-10,TSLA
Tesla revenue falls short of forecasts amid market slowdown,2025-11-10,TSLA
Apple revenue falls short of forecasts amid market slowdown,2025-11-11,AAPL
Apple stock under pressure after disappointing guidance,2025-11-11,AAPL
Apple partners with major firm to accelerate AI development,2025-11-11,AAPL
Amazon CEO outlines growth strategy at investor conference,2025-11-11,AMZN
Amazon CEO outlines growth strategy at investor conference,2025-11-11,AMZN
Google CEO outlines growth strategy at investor conference,2025-11-11,GOOGL
Meta CEO outlines growth strategy at investor conference,2025-11-11,META
Meta beats revenue estimates for the third consecutive quarter,2025-11-11,META
Microsoft partners with major firm to accelerate AI development,2025-11-11,MSFT
Microsoft expands into new markets with strategic acquisition,2025-11-11,MSFT
Nvidia raises full-year guidance after strong performance,2025-11-11,NVDA
Analysts upgrade Tesla citing improving fundamentals,2025-11-11,TSLA
"Tesla reports strong quarterly earnings, beating analyst expectations",2025-11-11,TSLA
"Apple reports strong quarterly earnings, beating analyst expectations",2025-11-12,AAPL
Apple stock under pressure after disappointing guidance,2025-11-12,AAPL
Apple beats revenue estimates for the third consecutive quarter,2025-11-12,AAPL
Amazon announces share buyback program worth $5 billion,2025-11-12,AMZN
"Amazon reports strong quarterly earnings, beating analyst expectations",2025-11-12,AMZN
Google stock under pressure after disappointing guidance,2025-11-12,GOOGL
Analysts upgrade Google citing improving fundamentals,2025-11-12,GOOGL
Analysts upgrade Google citing improving fundamentals,2025-11-12,GOOGL
Meta announces share buyback program worth $5 billion,2025-11-12,META
Microsoft launches new product line targeting enterprise customers,2025-11-12,MSFT
Microsoft faces regulatory scrutiny over data privacy concerns,2025-11-12,MSFT
Microsoft CEO outlines growth strategy at investor conference,2025-11-12,MSFT
Nvidia raises full-year guidance after strong performance,2025-11-12,NVDA
Nvidia launches new product line targeting enterprise customers,2025-11-12,NVDA
Nvidia stock under pressure after disappointing guidance,2025-11-12,NVDA
Tesla revenue falls short of forecasts amid market slowdown,2025-11-12,TSLA
Apple launches new product line targeting enterprise customers,2025-11-13,AAPL
Apple stock rises after positive product launch announcement,2025-11-13,AAPL
Amazon stock under pressure after disappointing guidance,2025-11-13,AMZN
Google partners with major firm to accelerate AI development,2025-11-13,GOOGL
Meta stock rises after positive product launch announcement,2025-11-13,META
Meta faces regulatory scrutiny over data privacy concerns,2025-11-13,META
Microsoft announces share buyback program worth $5 billion,2025-11-13,MSFT
Nvidia raises full-year guidance after strong performance,2025-11-13,NVDA
Nvidia launches new product line targeting enterprise customers,2025-11-13,NVDA
Tesla stock rises after positive product launch announcement,2025-11-13,TSLA
Tesla expands into new markets with strategic acquisition,2025-11-13,TSLA
"Apple reports strong quarterly earnings, beating analyst expectations",2025-11-14,AAPL
Apple CEO outlines growth strategy at investor conference,2025-11-14,AAPL
Amazon beats revenue estimates for the third consecutive quarter,2025-11-14,AMZN
Amazon expands into new markets with strategic acquisition,2025-11-14,AMZN
Amazon raises full-year guidance after strong performance,2025-11-14,AMZN
Analysts upgrade Google citing improving fundamentals,2025-11-14,GOOGL
Analysts upgrade Google citing improving fundamentals,2025-11-14,GOOGL
Google partners with major firm to accelerate AI development,2025-11-14,GOOGL
Meta expands into new markets with strategic acquisition,2025-11-14,META
Analysts upgrade Microsoft citing improving fundamentals,2025-11-14,MSFT
Nvidia launches new product line targeting enterprise customers,2025-11-14,NVDA
Tesla expands into new markets with strategic acquisition,2025-11-14,TSLA
Tesla launches new product line targeting enterprise customers,2025-11-14,TSLA
Tesla launches new product line targeting enterprise customers,2025-11-14,TSLA
Apple faces regulatory scrutiny over data privacy concerns,2025-11-17,AAPL
Apple stock under pressure after disappointing guidance,2025-11-17,AAPL
Amazon expands into new markets with strategic acquisition,2025-11-17,AMZN
Google stock rises after positive product launch announcement,2025-11-17,GOOGL
Analysts upgrade Google citing improving fundamentals,2025-11-17,GOOGL
"Google reports strong quarterly earnings, beating analyst expectations",2025-11-17,GOOGL
Meta expands into new markets with strategic acquisition,2025-11-17,META
Meta CEO outlines growth strategy at investor conference,2025-11-17,META
Meta partners with major firm to accelerate AI development,2025-11-17,META
Microsoft beats revenue estimates for the third consecutive quarter,2025-11-17,MSFT
Microsoft revenue falls short of forecasts amid market slowdown,2025-11-17,MSFT
Nvidia CEO outlines growth strategy at investor conference,2025-11-17,NVDA
Institutional investors increase stake in Nvidia,2025-11-17,NVDA
Tesla partners with major firm to accelerate AI development,2025-11-17,TSLA
Tesla revenue falls short of forecasts amid market slowdown,2025-11-17,TSLA
Tesla revenue falls short of forecasts amid market slowdown,2025-11-17,TSLA
Apple CEO outlines growth strategy at investor conference,2025-11-18,AAPL
Apple stock rises after positive product launch announcement,2025-11-18,AAPL
"Amazon reports strong quarterly earnings, beating analyst expectations",2025-11-18,AMZN
Analysts upgrade Amazon citing improving fundamentals,2025-11-18,AMZN
Amazon partners with major firm to accelerate AI development,2025-11-18,AMZN
Google cuts workforce as part of restructuring plan,2025-11-18,GOOGL
Meta partners with major firm to accelerate AI development,2025-11-18,META
Meta raises full-year guidance after strong performance,2025-11-18,META
Microsoft CEO outlines growth strategy at investor conference,2025-11-18,MSFT
Microsoft CEO outlines growth strategy at investor conference,2025-11-18,MSFT
Nvidia cuts workforce as part of restructuring plan,2025-11-18,NVDA
Tesla launches new product line targeting enterprise customers,2025-11-18,TSLA
Tesla cuts workforce as part of restructuring plan,2025-11-18,TSLA
Analysts upgrade Tesla citing improving fundamentals,2025-11-18,TSLA
Apple stock rises after positive product launch announcement,2025-11-19,AAPL
Amazon CEO outlines growth strategy at investor conference,2025-11-19,AMZN
Google cuts workforce as part of restructuring plan,2025-11-19,GOOGL
Google CEO outlines growth strategy at investor conference,2025-11-19,GOOGL
Analysts upgrade Meta citing improving fundamentals,2025-11-19,META
Meta stock under pressure after disappointing guidance,2025-11-19,META
Meta faces regulatory scrutiny over data privacy concerns,2025-11-19,META
Microsoft stock rises after positive product launch announcement,2025-11-19,MSFT
Microsoft announces share buyback program worth $5 billion,2025-11-19,MSFT
"Microsoft reports strong quarterly earnings, beating analyst expectations",2025-11-19,MSFT
Nvidia stock rises after positive product launch announcement,2025-11-19,NVDA
Tesla expands into new markets with strategic acquisition,2025-11-19,TSLA
Apple stock rises after positive product launch announcement,2025-11-20,AAPL
Amazon revenue falls short of forecasts amid market slowdown,2025-11-20,AMZN
"Amazon reports strong quarterly earnings, beating analyst expectations",2025-11-20,AMZN
Google launches new product line targeting enterprise customers,2025-11-20,GOOGL
Meta beats revenue estimates for the third consecutive quarter,2025-11-20,META
Meta beats revenue estimates for the third consecutive quarter,2025-11-20,META
Microsoft announces share buyback program worth $5 billion,2025-11-20,MSFT
Microsoft cuts workforce as part of restructuring plan,2025-11-20,MSFT
Microsoft beats revenue estimates for the third consecutive quarter,2025-11-20,MSFT
Institutional investors increase stake in Nvidia,2025-11-20,NVDA
Nvidia expands into new markets with strategic acquisition,2025-11-20,NVDA
Analysts upgrade Nvidia citing improving fundamentals,2025-11-20,NVDA
"Tesla reports strong quarterly earnings, beating analyst expectations",2025-11-20,TSLA
Institutional investors increase stake in Apple,2025-11-21,AAPL
Amazon announces share buyback program worth $5 billion,2025-11-21,AMZN
Amazon beats revenue estimates for the third consecutive quarter,2025-11-21,AMZN
Google stock rises after positive product launch announcement,2025-11-21,GOOGL
Google beats revenue estimates for the third consecutive quarter,2025-11-21,GOOGL
Google stock rises after positive product launch announcement,2025-11-21,GOOGL
Meta announces share buyback program worth $5 billion,2025-11-21,META
Analysts upgrade Microsoft citing improving fundamentals,2025-11-21,MSFT
Microsoft CEO outlines growth strategy at investor conference,2025-11-21,MSFT
Microsoft CEO outlines growth strategy at investor conference,2025-11-21,MSFT
Nvidia revenue falls short of forecasts amid market slowdown,2025-11-21,NVDA
Nvidia stock under pressure after disappointing guidance,2025-11-21,NVDA
Nvidia announces share buyback program worth $5 billion,2025-11-21,NVDA
Tesla launches new product line targeting enterprise customers,2025-11-21,TSLA
Apple faces regulatory scrutiny over data privacy concerns,2025-11-24,AAPL
Analysts upgrade Apple citing improving fundamentals,2025-11-24,AAPL
Amazon raises full-year guidance after strong performance,2025-11-24,AMZN
"Google reports strong quarterly earnings, beating analyst expectations",2025-11-24,GOOGL
Analysts upgrade Google citing improving fundamentals,2025-11-24,GOOGL
Institutional investors increase stake in Meta,2025-11-24,META
Institutional investors increase stake in Meta,2025-11-24,META
Institutional investors increase stake in Microsoft,2025-11-24,MSFT
Microsoft revenue falls short of forecasts amid market slowdown,2025-11-24,MSFT
Nvidia stock rises after positive product launch announcement,2025-11-24,NVDA
Nvidia stock under pressure after disappointing guidance,2025-11-24,NVDA
Tesla stock rises after positive product launch announcement,2025-11-24,TSLA
Tesla launches new product line targeting enterprise customers,2025-11-24,TSLA
Institutional investors increase stake in Tesla,2025-11-24,TSLA
Apple partners with major firm to accelerate AI development,2025-11-25,AAPL
"Amazon reports strong quarterly earnings, beating analyst expectations",2025-11-25,AMZN
Amazon raises full-year guidance after strong performance,2025-11-25,AMZN
Google stock rises after positive product launch announcement,2025-11-25,GOOGL
"Meta reports strong quarterly earnings, beating analyst expectations",2025-11-25,META
Meta beats revenue estimates for the third consecutive quarter,2025-11-25,META
Analysts upgrade Microsoft citing improving fundamentals,2025-11-25,MSFT
Institutional investors increase stake in Nvidia,2025-11-25,NVDA
Tesla revenue falls short of forecasts amid market slowdown,2025-11-25,TSLA
Tesla CEO outlines growth strategy at investor conference,2025-11-25,TSLA
Apple stock under pressure after disappointing guidance,2025-11-26,AAPL
Amazon raises full-year guidance after strong performance,2025-11-26,AMZN
Amazon cuts workforce as part of restructuring plan,2025-11-26,AMZN
Amazon revenue falls short of forecasts amid market slowdown,2025-11-26,AMZN
Google launches new product line targeting enterprise customers,2025-11-26,GOOGL
Google launches new product line targeting enterprise customers,2025-11-26,GOOGL
Google faces regulatory scrutiny over data privacy concerns,2025-11-26,GOOGL
Institutional investors increase stake in Meta,2025-11-26,META
Analysts upgrade Meta citing improving fundamentals,2025-11-26,META
"Meta reports strong quarterly earnings, beating analyst expectations",2025-11-26,META
Microsoft beats revenue estimates for the third consecutive quarter,2025-11-26,MSFT
Microsoft announces share buyback program worth $5 billion,2025-11-26,MSFT
Nvidia raises full-year guidance after strong performance,2025-11-26,NVDA
Tesla partners with major firm to accelerate AI development,2025-11-26,TSLA
Tesla raises full-year guidance after strong performance,2025-11-26,TSLA
Apple revenue falls short of forecasts amid market slowdown,2025-11-28,AAPL
Apple beats revenue estimates for the third consecutive quarter,2025-11-28,AAPL
Apple CEO outlines growth strategy at investor conference,2025-11-28,AAPL
Analysts upgrade Amazon citing improving fundamentals,2025-11-28,AMZN
Amazon CEO outlines growth strategy at investor conference,2025-11-28,AMZN
Google stock under pressure after disappointing guidance,2025-11-28,GOOGL
Google cuts workforce as part of restructuring plan,2025-11-28,GOOGL
Meta revenue falls short of forecasts amid market slowdown,2025-11-28,META
Meta launches new product line targeting enterprise customers,2025-11-28,META
Meta revenue falls short of forecasts amid market slowdown,2025-11-28,META
"Microsoft reports strong quarterly earnings, beating analyst expectations",2025-11-28,MSFT
Nvidia stock under pressure after disappointing guidance,2025-11-28,NVDA
Nvidia beats revenue estimates for the third consecutive quarter,2025-11-28,NVDA
Nvidia revenue falls short of forecasts amid market slowdown,2025-11-28,NVDA
Tesla stock under pressure after disappointing guidance,2025-11-28,TSLA
Apple CEO outlines growth strategy at investor conference,2025-12-01,AAPL
Apple partners with major firm to accelerate AI development,2025-12-01,AAPL
Analysts upgrade Apple citing improving fundamentals,2025-12-01,AAPL
Amazon faces regulatory scrutiny over data privacy concerns,2025-12-01,AMZN
Google partners with major firm to accelerate AI development,2025-12-01,GOOGL
Meta revenue falls short of forecasts amid market slowdown,2025-12-01,META
Meta stock rises after positive product launch announcement,2025-12-01,META
Microsoft beats revenue estimates for the third consecutive quarter,2025-12-01,MSFT
Microsoft launches new product line targeting enterprise customers,2025-12-01,MSFT
Nvidia stock rises after positive product launch announcement,2025-12-01,NVDA
Tesla raises full-year guidance after strong performance,2025-12-01,TSLA
Tesla faces regulatory scrutiny over data privacy concerns,2025-12-01,TSLA
Tesla CEO outlines growth strategy at investor conference,2025-12-01,TSLA
Analysts upgrade Apple citing improving fundamentals,2025-12-02,AAPL
Amazon partners with major firm to accelerate AI development,2025-12-02,AMZN
Amazon cuts workforce as part of restructuring plan,2025-12-02,AMZN
Google announces share buyback program worth $5 billion,2025-12-02,GOOGL
Meta stock under pressure after disappointing guidance,2025-12-02,META
Microsoft beats revenue estimates for the third consecutive quarter,2025-12-02,MSFT
Microsoft CEO outlines growth strategy at investor conference,2025-12-02,MSFT
Microsoft announces share buyback program worth $5 billion,2025-12-02,MSFT
Nvidia expands into new markets with strategic acquisition,2025-12-02,NVDA
Tesla revenue falls short of forecasts amid market slowdown,2025-12-02,TSLA
Apple announces share buyback program worth $5 billion,2025-12-03,AAPL
Apple expands into new markets with strategic acquisition,2025-12-03,AAPL
Apple stock under pressure after disappointing guidance,2025-12-03,AAPL
Amazon faces regulatory scrutiny over data privacy concerns,2025-12-03,AMZN
Amazon stock under pressure after disappointing guidance,2025-12-03,AMZN
Google expands into new markets with strategic acquisition,2025-12-03,GOOGL
Meta beats revenue estimates for the third consecutive quarter,2025-12-03,META
Institutional investors increase stake in Microsoft,2025-12-03,MSFT
Analysts upgrade Microsoft citing improving fundamentals,2025-12-03,MSFT
Microsoft beats revenue estimates for the third consecutive quarter,2025-12-03,MSFT
Nvidia faces regulatory scrutiny over data privacy concerns,2025-12-03,NVDA
Nvidia beats revenue estimates for the third consecutive quarter,2025-12-03,NVDA
Tesla stock under pressure after disappointing guidance,2025-12-03,TSLA
Tesla launches new product line targeting enterprise customers,2025-12-03,TSLA
Apple beats revenue estimates for the third consecutive quarter,2025-12-04,AAPL
Apple launches new product line targeting enterprise customers,2025-12-04,AAPL
Apple raises full-year guidance after strong performance,2025-12-04,AAPL
Analysts upgrade Amazon citing improving fundamentals,2025-12-04,AMZN
Amazon launches new product line targeting enterprise customers,2025-12-04,AMZN
Google revenue falls short of forecasts amid market slowdown,2025-12-04,GOOGL
Meta announces share buyback program worth $5 billion,2025-12-04,META
Meta CEO outlines growth strategy at investor conference,2025-12-04,META
Meta raises full-year guidance after strong performance,2025-12-04,META
Microsoft launches new product line targeting enterprise customers,2025-12-04,MSFT
Microsoft launches new product line targeting enterprise customers,2025-12-04,MSFT
Analysts upgrade Nvidia citing improving fundamentals,2025-12-04,NVDA
Nvidia launches new product line targeting enterprise customers,2025-12-04,NVDA
Nvidia announces share buyback program worth $5 billion,2025-12-04,NVDA
Tesla expands into new markets with strategic acquisition,2025-12-04,TSLA
Tesla raises full-year guidance after strong performance,2025-12-04,TSLA
Tesla cuts workforce as part of restructuring plan,2025-12-04,TSLA
Apple cuts workforce as part of restructuring plan,2025-12-05,AAPL
Institutional investors increase stake in Apple,2025-12-05,AAPL
Amazon partners with major firm to accelerate AI development,2025-12-05,AMZN
Amazon stock under pressure after disappointing guidance,2025-12-05,AMZN
Amazon stock under pressure after disappointing guidance,2025-12-05,AMZN
Google raises full-year guidance after strong performance,2025-12-05,GOOGL
Google announces share buyback program worth $5 billion,2025-12-05,GOOGL
Meta CEO outlines growth strategy at investor conference,2025-12-05,META
Meta expands into new markets with strategic acquisition,2025-12-05,META
Meta partners with major firm to accelerate AI development,2025-12-05,META
Microsoft revenue falls short of forecasts amid market slowdown,2025-12-05,MSFT
"Nvidia reports strong quarterly earnings, beating analyst expectations",2025-12-05,NVDA
Nvidia raises full-year guidance after strong performance,2025-12-05,NVDA
Tesla cuts workforce as part of restructuring plan,2025-12-05,TSLA
Tesla launches new product line targeting enterprise customers,2025-12-05,TSLA
Apple partners with major firm to accelerate AI development,2025-12-08,AAPL
Amazon stock rises after positive product launch announcement,2025-12-08,AMZN
Google raises full-year guidance after strong performance,2025-12-08,GOOGL
Meta raises full-year guidance after strong performance,2025-12-08,META
Microsoft CEO outlines growth strategy at investor conference,2025-12-08,MSFT
Analysts upgrade Microsoft citing improving fundamentals,2025-12-08,MSFT
Microsoft raises full-year guidance after strong performance,2025-12-08,MSFT
Nvidia raises full-year guidance after strong performance,2025-12-08,NVDA
Tesla revenue falls short of forecasts amid market slowdown,2025-12-08,TSLA
Tesla revenue falls short of forecasts amid market slowdown,2025-12-08,TSLA
Apple revenue falls short of forecasts amid market slowdown,2025-12-09,AAPL
Analysts upgrade Amazon citing improving fundamentals,2025-12-09,AMZN
Amazon CEO outlines growth strategy at investor conference,2025-12-09,AMZN
Amazon stock rises after positive product launch announcement,2025-12-09,AMZN
Google raises full-year guidance after strong performance,2025-12-09,GOOGL
Google cuts workforce as part of restructuring plan,2025-12-09,GOOGL
Meta raises full-year guidance after strong performance,2025-12-09,META
Meta expands into new markets with strategic acquisition,2025-12-09,META
Meta expands into new markets with strategic acquisition,2025-12-09,META
"Microsoft reports strong quarterly earnings, beating analyst expectations",2025-12-09,MSFT
Microsoft beats revenue estimates for the third consecutive quarter,2025-12-09,MSFT
Analysts upgrade Nvidia citing improving fundamentals,2025-12-09,NVDA
Nvidia partners with major firm to accelerate AI development,2025-12-09,NVDA
Tesla partners with major firm to accelerate AI development,2025-12-09,TSLA
Tesla cuts workforce as part of restructuring plan,2025-12-09,TSLA
Apple partners with major firm to accelerate AI development,2025-12-10,AAPL
Apple faces regulatory scrutiny over data privacy concerns,2025-12-10,AAPL
Amazon launches new product line targeting enterprise customers,2025-12-10,AMZN
Amazon expands into new markets with strategic acquisition,2025-12-10,AMZN
Amazon expands into new markets with strategic acquisition,2025-12-10,AMZN
Google partners with major firm to accelerate AI development,2025-12-10,GOOGL
Google cuts workforce as part of restructuring plan,2025-12-10,GOOGL
Meta beats revenue estimates for the third consecutive quarter,2025-12-10,META
Institutional investors increase stake in Microsoft,2025-12-10,MSFT
Analysts upgrade Microsoft citing improving fundamentals,2025-12-10,MSFT
Nvidia stock under pressure after disappointing guidance,2025-12-10,NVDA
Nvidia launches new product line targeting enterprise customers,2025-12-10,NVDA
Institutional investors increase stake in Nvidia,2025-12-10,NVDA
Tesla partners with major firm to accelerate AI development,2025-12-10,TSLA
Institutional investors increase stake in Apple,2025-12-11,AAPL
Analysts upgrade Apple citing improving fundamentals,2025-12-11,AAPL
Apple faces regulatory scrutiny over data privacy concerns,2025-12-11,AAPL
Amazon beats revenue estimates for the third consecutive quarter,2025-12-11,AMZN
Amazon revenue falls short of forecasts amid market slowdown,2025-12-11,AMZN
Google CEO outlines growth strategy at investor conference,2025-12-11,GOOGL
Google faces regulatory scrutiny over data privacy concerns,2025-12-11,GOOGL
Google stock under pressure after disappointing guidance,2025-12-11,GOOGL
Meta beats revenue estimates for the third consecutive quarter,2025-12-11,META
Analysts upgrade Microsoft citing improving fundamentals,2025-12-11,MSFT
Nvidia CEO outlines growth strategy at investor conference,2025-12-11,NVDA
Analysts upgrade Nvidia citing improving fundamentals,2025-12-11,NVDA
Tesla faces regulatory scrutiny over data privacy concerns,2025-12-11,TSLA
Tesla launches new product line targeting enterprise customers,2025-12-11,TSLA
Apple stock rises after positive product launch announcement,2025-12-12,AAPL
Apple faces regulatory scrutiny over data privacy concerns,2025-12-12,AAPL
Analysts upgrade Apple citing improving fundamentals,2025-12-12,AAPL
Amazon stock under pressure after disappointing guidance,2025-12-12,AMZN
Google announces share buyback program worth $5 billion,2025-12-12,GOOGL
Google faces regulatory scrutiny over data privacy concerns,2025-12-12,GOOGL
"Google reports strong quarterly earnings, beating analyst expectations",2025-12-12,GOOGL
Meta CEO outlines growth strategy at investor conference,2025-12-12,META
Analysts upgrade Meta citing improving fundamentals,2025-12-12,META
Microsoft expands into new markets with strategic acquisition,2025-12-12,MSFT
Nvidia partners with major firm to accelerate AI development,2025-12-12,NVDA
"Nvidia reports strong quarterly earnings, beating analyst expectations",2025-12-12,NVDA
Tesla stock rises after positive product launch announcement,2025-12-12,TSLA
Apple cuts workforce as part of restructuring plan,2025-12-15,AAPL
Analysts upgrade Apple citing improving fundamentals,2025-12-15,AAPL
Apple announces share buyback program worth $5 billion,2025-12-15,AAPL
Analysts upgrade Amazon citing improving fundamentals,2025-12-15,AMZN
Amazon CEO outlines growth strategy at investor conference,2025-12-15,AMZN
Google CEO outlines growth strategy at investor conference,2025-12-15,GOOGL
Meta stock rises after positive product launch announcement,2025-12-15,META
Meta partners with major firm to accelerate AI development,2025-12-15,META
Microsoft announces share buyback program worth $5 billion,2025-12-15,MSFT
Microsoft announces share buyback program worth $5 billion,2025-12-15,MSFT
Nvidia revenue falls short of forecasts amid market slowdown,2025-12-15,NVDA
Nvidia partners with major firm to accelerate AI development,2025-12-15,NVDA
Tesla cuts workforce as part of restructuring plan,2025-12-15,TSLA
Institutional investors increase stake in Tesla,2025-12-15,TSLA
Tesla stock rises after positive product launch announcement,2025-12-15,TSLA
Analysts upgrade Apple citing improving fundamentals,2025-12-16,AAPL
Apple CEO outlines growth strategy at investor conference,2025-12-16,AAPL
Amazon cuts workforce as part of restructuring plan,2025-12-16,AMZN
Amazon faces regulatory scrutiny over data privacy concerns,2025-12-16,AMZN
Institutional investors increase stake in Amazon,2025-12-16,AMZN
Google stock under pressure after disappointing guidance,2025-12-16,GOOGL
Meta revenue falls short of forecasts amid market slowdown,2025-12-16,META
Microsoft faces regulatory scrutiny over data privacy concerns,2025-12-16,MSFT
Analysts upgrade Microsoft citing improving fundamentals,2025-12-16,MSFT
Microsoft expands into new markets with strategic acquisition,2025-12-16,MSFT
Nvidia launches new product line targeting enterprise customers,2025-12-16,NVDA
Analysts upgrade Nvidia citing improving fundamentals,2025-12-16,NVDA
Nvidia raises full-year guidance after strong performance,2025-12-16,NVDA
Institutional investors increase stake in Tesla,2025-12-16,TSLA
Apple revenue falls short of forecasts amid market slowdown,2025-12-17,AAPL
Apple launches new product line targeting enterprise customers,2025-12-17,AAPL
Apple faces regulatory scrutiny over data privacy concerns,2025-12-17,AAPL
"Amazon reports strong quarterly earnings, beating analyst expectations",2025-12-17,AMZN
Google launches new product line targeting enterprise customers,2025-12-17,GOOGL
Google revenue falls short of forecasts amid market slowdown,2025-12-17,GOOGL
Google partners with major firm to accelerate AI development,2025-12-17,GOOGL
Meta faces regulatory scrutiny over data privacy concerns,2025-12-17,META
Microsoft stock rises after positive product launch announcement,2025-12-17,MSFT
Microsoft revenue falls short of forecasts amid market slowdown,2025-12-17,MSFT
Microsoft launches new product line targeting enterprise customers,2025-12-17,MSFT
"Nvidia reports strong quarterly earnings, beating analyst expectations",2025-12-17,NVDA
Nvidia cuts workforce as part of restructuring plan,2025-12-17,NVDA
Tesla beats revenue estimates for the third consecutive quarter,2025-12-17,TSLA
Tesla stock rises after positive product launch announcement,2025-12-17,TSLA
"Tesla reports strong quarterly earnings, beating analyst expectations",2025-12-17,TSLA
Apple launches new product line targeting enterprise customers,2025-12-18,AAPL
Amazon cuts workforce as part of restructuring plan,2025-12-18,AMZN
Google beats revenue estimates for the third consecutive quarter,2025-12-18,GOOGL
Google stock under pressure after disappointing guidance,2025-12-18,GOOGL
Meta partners with major firm to accelerate AI development,2025-12-18,META
Meta revenue falls short of forecasts amid market slowdown,2025-12-18,META
Meta partners with major firm to accelerate AI development,2025-12-18,META
Microsoft CEO outlines growth strategy at investor conference,2025-12-18,MSFT
Microsoft CEO outlines growth strategy at investor conference,2025-12-18,MSFT
Institutional investors increase stake in Nvidia,2025-12-18,NVDA
Institutional investors increase stake in Nvidia,2025-12-18,NVDA
Institutional investors increase stake in Nvidia,2025-12-18,NVDA
Tesla announces share buyback program worth $5 billion,2025-12-18,TSLA
Tesla raises full-year guidance after strong performance,2025-12-18,TSLA
Apple beats revenue estimates for the third consecutive quarter,2025-12-19,AAPL
Apple cuts workforce as part of restructuring plan,2025-12-19,AAPL
Amazon faces regulatory scrutiny over data privacy concerns,2025-12-19,AMZN
Amazon partners with major firm to accelerate AI development,2025-12-19,AMZN
Google expands into new markets with strategic acquisition,2025-12-19,GOOGL
Google faces regulatory scrutiny over data privacy concerns,2025-12-19,GOOGL
Google cuts workforce as part of restructuring plan,2025-12-19,GOOGL
Analysts upgrade Meta citing improving fundamentals,2025-12-19,META
Analysts upgrade Meta citing improving fundamentals,2025-12-19,META
Institutional investors increase stake in Meta,2025-12-19,META
Microsoft partners with major firm to accelerate AI development,2025-12-19,MSFT
Microsoft beats revenue estimates for the third consecutive quarter,2025-12-19,MSFT
Nvidia revenue falls short of forecasts amid market slowdown,2025-12-19,NVDA
Nvidia raises full-year guidance after strong performance,2025-12-19,NVDA
Tesla faces regulatory scrutiny over data privacy concerns,2025-12-19,TSLA
Apple faces regulatory scrutiny over data privacy concerns,2025-12-22,AAPL
Apple launches new product line targeting enterprise customers,2025-12-22,AAPL
Institutional investors increase stake in Apple,2025-12-22,AAPL
Amazon CEO outlines growth strategy at investor conference,2025-12-22,AMZN
Amazon faces regulatory scrutiny over data privacy concerns,2025-12-22,AMZN
Google CEO outlines growth strategy at investor conference,2025-12-22,GOOGL
Google stock rises after positive product launch announcement,2025-12-22,GOOGL
Analysts upgrade Google citing improving fundamentals,2025-12-22,GOOGL
Meta announces share buyback program worth $5 billion,2025-12-22,META
Microsoft cuts workforce as part of restructuring plan,2025-12-22,MSFT
Nvidia revenue falls short of forecasts amid market slowdown,2025-12-22,NVDA
Analysts upgrade Nvidia citing improving fundamentals,2025-12-22,NVDA
Nvidia CEO outlines growth strategy at investor conference,2025-12-22,NVDA
Tesla launches new product line targeting enterprise customers,2025-12-22,TSLA
Apple cuts workforce as part of restructuring plan,2025-12-23,AAPL
Apple stock under pressure after disappointing guidance,2025-12-23,AAPL
Amazon partners with major firm to accelerate AI development,2025-12-23,AMZN
Amazon announces share buyback program worth $5 billion,2025-12-23,AMZN
Amazon stock rises after positive product launch announcement,2025-12-23,AMZN
Google stock rises after positive product launch announcement,2025-12-23,GOOGL
Meta stock under pressure after disappointing guidance,2025-12-23,META
Meta partners with major firm to accelerate AI development,2025-12-23,META
Microsoft revenue falls short of forecasts amid market slowdown,2025-12-23,MSFT
Institutional investors increase stake in Microsoft,2025-12-23,MSFT
Nvidia stock under pressure after disappointing guidance,2025-12-23,NVDA
Analysts upgrade Nvidia citing improving fundamentals,2025-12-23,NVDA
Nvidia partners with major firm to accelerate AI development,2025-12-23,NVDA
Tesla revenue falls short of forecasts amid market slowdown,2025-12-23,TSLA
Tesla launches new product line targeting enterprise customers,2025-12-23,TSLA
Apple launches new product line targeting enterprise customers,2025-12-24,AAPL
Apple beats revenue estimates for the third consecutive quarter,2025-12-24,AAPL
"Apple reports strong quarterly earnings, beating analyst expectations",2025-12-24,AAPL
Amazon stock rises after positive product launch announcement,2025-12-24,AMZN
Amazon expands into new markets with strategic acquisition,2025-12-24,AMZN
Google beats revenue estimates for the third consecutive quarter,2025-12-24,GOOGL
Google beats revenue estimates for the third consecutive quarter,2025-12-24,GOOGL
Meta beats revenue estimates for the third consecutive quarter,2025-12-24,META
Microsoft CEO outlines growth strategy at investor conference,2025-12-24,MSFT
Microsoft revenue falls short of forecasts amid market slowdown,2025-12-24,MSFT
Nvidia launches new product line targeting enterprise customers,2025-12-24,NVDA
Tesla expands into new markets with strategic acquisition,2025-12-24,TSLA
Apple cuts workforce as part of restructuring plan,2025-12-26,AAPL
Institutional investors increase stake in Apple,2025-12-26,AAPL
Amazon stock rises after positive product launch announcement,2025-12-26,AMZN
Amazon faces regulatory scrutiny over data privacy concerns,2025-12-26,AMZN
Google faces regulatory scrutiny over data privacy concerns,2025-12-26,GOOGL
Google raises full-year guidance after strong performance,2025-12-26,GOOGL
Google partners with major firm to accelerate AI development,2025-12-26,GOOGL
Meta expands into new markets with strategic acquisition,2025-12-26,META
Meta revenue falls short of forecasts amid market slowdown,2025-12-26,META
Meta beats revenue estimates for the third consecutive quarter,2025-12-26,META
Microsoft expands into new markets with strategic acquisition,2025-12-26,MSFT
Nvidia partners with major firm to accelerate AI development,2025-12-26,NVDA
Analysts upgrade Nvidia citing improving fundamentals,2025-12-26,NVDA
Analysts upgrade Tesla citing improving fundamentals,2025-12-26,TSLA
Tesla beats revenue estimates for the third consecutive quarter,2025-12-26,TSLA
Tesla expands into new markets with strategic acquisition,2025-12-26,TSLA
Apple raises full-year guidance after strong performance,2025-12-29,AAPL
Apple announces share buyback program worth $5 billion,2025-12-29,AAPL
Apple stock under pressure after disappointing guidance,2025-12-29,AAPL
Analysts upgrade Amazon citing improving fundamentals,2025-12-29,AMZN
Google launches new product line targeting enterprise customers,2025-12-29,GOOGL
Institutional investors increase stake in Google,2025-12-29,GOOGL
Meta stock under pressure after disappointing guidance,2025-12-29,META
Microsoft announces share buyback program worth $5 billion,2025-12-29,MSFT
Microsoft CEO outlines growth strategy at investor conference,2025-12-29,MSFT
Analysts upgrade Microsoft citing improving fundamentals,2025-12-29,MSFT
Nvidia launches new product line targeting enterprise customers,2025-12-29,NVDA
Tesla stock under pressure after disappointing guidance,2025-12-29,TSLA
Institutional investors increase stake in Tesla,2025-12-29,TSLA
Institutional investors increase stake in Apple,2025-12-30,AAPL
Amazon partners with major firm to accelerate AI development,2025-12-30,AMZN
Google cuts workforce as part of restructuring plan,2025-12-30,GOOGL
Meta launches new product line targeting enterprise customers,2025-12-30,META
Microsoft partners with major firm to accelerate AI development,2025-12-30,MSFT
Microsoft partners with major firm to accelerate AI development,2025-12-30,MSFT
Microsoft faces regulatory scrutiny over data privacy concerns,2025-12-30,MSFT
"Nvidia reports strong quarterly earnings, beating analyst expectations",2025-12-30,NVDA
Tesla expands into new markets with strategic acquisition,2025-12-30,TSLA
Apple stock under pressure after disappointing guidance,2025-12-31,AAPL
Apple raises full-year guidance after strong performance,2025-12-31,AAPL
Amazon cuts workforce as part of restructuring plan,2025-12-31,AMZN
Google beats revenue estimates for the third consecutive quarter,2025-12-31,GOOGL
Google partners with major firm to accelerate AI development,2025-12-31,GOOGL
Meta stock under pressure after disappointing guidance,2025-12-31,META
"Microsoft reports strong quarterly earnings, beating analyst expectations",2025-12-31,MSFT
Microsoft revenue falls short of forecasts amid market slowdown,2025-12-31,MSFT
"Nvidia reports strong quarterly earnings, beating analyst expectations",2025-12-31,NVDA
Nvidia stock under pressure after disappointing guidance,2025-12-31,NVDA
Nvidia raises full-year guidance after strong performance,2025-12-31,NVDA
Tesla stock rises after positive product launch announcement,2025-12-31,TSLA
"Apple reports strong quarterly earnings, beating analyst expectations",2026-01-02,AAPL
Apple partners with major firm to accelerate AI development,2026-01-02,AAPL
Amazon raises full-year guidance after strong performance,2026-01-02,AMZN
Amazon cuts workforce as part of restructuring plan,2026-01-02,AMZN
Analysts upgrade Amazon citing improving fundamentals,2026-01-02,AMZN
Google stock rises after positive product launch announcement,2026-01-02,GOOGL
Google beats revenue estimates for the third consecutive quarter,2026-01-02,GOOGL
Meta stock rises after positive product launch announcement,2026-01-02,META
Meta faces regulatory scrutiny over data privacy concerns,2026-01-02,META
Microsoft revenue falls short of forecasts amid market slowdown,2026-01-02,MSFT
Microsoft CEO outlines growth strategy at investor conference,2026-01-02,MSFT
"Microsoft reports strong quarterly earnings, beating analyst expectations",2026-01-02,MSFT
Nvidia cuts workforce as part of restructuring plan,2026-01-02,NVDA
Nvidia beats revenue estimates for the third consecutive quarter,2026-01-02,NVDA
Nvidia faces regulatory scrutiny over data privacy concerns,2026-01-02,NVDA
Tesla raises full-year guidance after strong performance,2026-01-02,TSLA
Tesla expands into new markets with strategic acquisition,2026-01-02,TSLA
Apple CEO outlines growth strategy at investor conference,2026-01-05,AAPL
Apple stock under pressure after disappointing guidance,2026-01-05,AAPL
Apple expands into new markets with strategic acquisition,2026-01-05,AAPL
Amazon beats revenue estimates for the third consecutive quarter,2026-01-05,AMZN
Analysts upgrade Google citing improving fundamentals,2026-01-05,GOOGL
Google stock rises after positive product launch announcement,2026-01-05,GOOGL
"Google reports strong quarterly earnings, beating analyst expectations",2026-01-05,GOOGL
Meta faces regulatory scrutiny over data privacy concerns,2026-01-05,META
Meta stock under pressure after disappointing guidance,2026-01-05,META
Microsoft CEO outlines growth strategy at investor conference,2026-01-05,MSFT
Microsoft announces share buyback program worth $5 billion,2026-01-05,MSFT
Microsoft launches new product line targeting enterprise customers,2026-01-05,MSFT
Nvidia raises full-year guidance after strong performance,2026-01-05,NVDA
Analysts upgrade Tesla citing improving fundamentals,2026-01-05,TSLA
Tesla faces regulatory scrutiny over data privacy concerns,2026-01-05,TSLA
Apple raises full-year guidance after strong performance,2026-01-06,AAPL
"Apple reports strong quarterly earnings, beating analyst expectations",2026-01-06,AAPL
Amazon raises full-year guidance after strong performance,2026-01-06,AMZN
Amazon stock rises after positive product launch announcement,2026-01-06,AMZN
Amazon expands into new markets with strategic acquisition,2026-01-06,AMZN
Google expands into new markets with strategic acquisition,2026-01-06,GOOGL
Meta expands into new markets with strategic acquisition,2026-01-06,META
Meta faces regulatory scrutiny over data privacy concerns,2026-01-06,META
Meta stock rises after positive product launch announcement,2026-01-06,META
Microsoft stock under pressure after disappointing guidance,2026-01-06,MSFT
"Microsoft reports strong quarterly earnings, beating analyst expectations",2026-01-06,MSFT
Analysts upgrade Nvidia citing improving fundamentals,2026-01-06,NVDA
Nvidia announces share buyback program worth $5 billion,2026-01-06,NVDA
"Tesla reports strong quarterly earnings, beating analyst expectations",2026-01-06,TSLA
Apple CEO outlines growth strategy at investor conference,2026-01-07,AAPL
Analysts upgrade Amazon citing improving fundamentals,2026-01-07,AMZN
"Amazon reports strong quarterly earnings, beating analyst expectations",2026-01-07,AMZN
Amazon CEO outlines growth strategy at investor conference,2026-01-07,AMZN
Google announces share buyback program worth $5 billion,2026-01-07,GOOGL
Meta stock under pressure after disappointing guidance,2026-01-07,META
Meta beats revenue estimates for the third consecutive quarter,2026-01-07,META
Meta launches new product line targeting enterprise customers,2026-01-07,META
Microsoft raises full-year guidance after strong performance,2026-01-07,MSFT
Microsoft raises full-year guidance after strong performance,2026-01-07,MSFT
Nvidia stock rises after positive product launch announcement,2026-01-07,NVDA
"Nvidia reports strong quarterly earnings, beating analyst expectations",2026-01-07,NVDA
Institutional investors increase stake in Tesla,2026-01-07,TSLA
Tesla partners with major firm to accelerate AI development,2026-01-07,TSLA
Institutional investors increase stake in Apple,2026-01-08,AAPL
Apple cuts workforce as part of restructuring plan,2026-01-08,AAPL
Apple raises full-year guidance after strong performance,2026-01-08,AAPL
Amazon announces share buyback program worth $5 billion,2026-01-08,AMZN
Amazon stock under pressure after disappointing guidance,2026-01-08,AMZN
Amazon CEO outlines growth strategy at investor conference,2026-01-08,AMZN
Google announces share buyback program worth $5 billion,2026-01-08,GOOGL
Google announces share buyback program worth $5 billion,2026-01-08,GOOGL
Meta stock under pressure after disappointing guidance,2026-01-08,META
Meta stock under pressure after disappointing guidance,2026-01-08,META
Meta partners with major firm to accelerate AI development,2026-01-08,META
Microsoft announces share buyback program worth $5 billion,2026-01-08,MSFT
Microsoft launches new product line targeting enterprise customers,2026-01-08,MSFT
Microsoft partners with major firm to accelerate AI development,2026-01-08,MSFT
Nvidia launches new product line targeting enterprise customers,2026-01-08,NVDA
Tesla expands into new markets with strategic acquisition,2026-01-08,TSLA
"Apple reports strong quarterly earnings, beating analyst expectations",2026-01-09,AAPL
Amazon stock rises after positive product launch announcement,2026-01-09,AMZN
Amazon faces regulatory scrutiny over data privacy concerns,2026-01-09,AMZN
Google partners with major firm to accelerate AI development,2026-01-09,GOOGL
Meta launches new product line targeting enterprise customers,2026-01-09,META
Microsoft cuts workforce as part of restructuring plan,2026-01-09,MSFT
Microsoft launches new product line targeting enterprise customers,2026-01-09,MSFT
Nvidia cuts workforce as part of restructuring plan,2026-01-09,NVDA
Nvidia announces share buyback program worth $5 billion,2026-01-09,NVDA
Nvidia launches new product line targeting enterprise customers,2026-01-09,NVDA
Tesla expands into new markets with strategic acquisition,2026-01-09,TSLA
Institutional investors increase stake in Apple,2026-01-12,AAPL
Apple partners with major firm to accelerate AI development,2026-01-12,AAPL
Amazon partners with major firm to accelerate AI development,2026-01-12,AMZN
"Google reports strong quarterly earnings, beating analyst expectations",2026-01-12,GOOGL
Google faces regulatory scrutiny over data privacy concerns,2026-01-12,GOOGL
Meta partners with major firm to accelerate AI development,2026-01-12,META
Meta faces regulatory scrutiny over data privacy concerns,2026-01-12,META
Meta partners with major firm to accelerate AI development,2026-01-12,META
Institutional investors increase stake in Microsoft,2026-01-12,MSFT
Nvidia announces share buyback program worth $5 billion,2026-01-12,NVDA
Analysts upgrade Tesla citing improving fundamentals,2026-01-12,TSLA
Institutional investors increase stake in Apple,2026-01-13,AAPL
Apple announces share buyback program worth $5 billion,2026-01-13,AAPL
Apple cuts workforce as part of restructuring plan,2026-01-13,AAPL
Amazon announces share buyback program worth $5 billion,2026-01-13,AMZN
Amazon raises full-year guidance after strong performance,2026-01-13,AMZN
Google stock under pressure after disappointing guidance,2026-01-13,GOOGL
Google stock under pressure after disappointing guidance,2026-01-13,GOOGL
Google cuts workforce as part of restructuring plan,2026-01-13,GOOGL
Meta CEO outlines growth strategy at investor conference,2026-01-13,META
Institutional investors increase stake in Microsoft,2026-01-13,MSFT
Nvidia stock under pressure after disappointing guidance,2026-01-13,NVDA
Nvidia expands into new markets with strategic acquisition,2026-01-13,NVDA
"Nvidia reports strong quarterly earnings, beating analyst expectations",2026-01-13,NVDA
Tesla launches new product line targeting enterprise customers,2026-01-13,TSLA
Tesla faces regulatory scrutiny over data privacy concerns,2026-01-13,TSLA
Apple announces share buyback program worth $5 billion,2026-01-14,AAPL
Amazon CEO outlines growth strategy at investor conference,2026-01-14,AMZN
"Amazon reports strong quarterly earnings, beating analyst expectations",2026-01-14,AMZN
Google raises full-year guidance after strong performance,2026-01-14,GOOGL
Google expands into new markets with strategic acquisition,2026-01-14,GOOGL
Google stock under pressure after disappointing guidance,2026-01-14,GOOGL
Meta revenue falls short of forecasts amid market slowdown,2026-01-14,META
Meta stock under pressure after disappointing guidance,2026-01-14,META
Microsoft faces regulatory scrutiny over data privacy concerns,2026-01-14,MSFT
Microsoft revenue falls short of forecasts amid market slowdown,2026-01-14,MSFT
Analysts upgrade Nvidia citing improving fundamentals,2026-01-14,NVDA
Tesla stock rises after positive product launch announcement,2026-01-14,TSLA
Tesla CEO outlines growth strategy at investor conference,2026-01-14,TSLA
Apple faces regulatory scrutiny over data privacy concerns,2026-01-15,AAPL
Amazon CEO outlines growth strategy at investor conference,2026-01-15,AMZN
Analysts upgrade Google citing improving fundamentals,2026-01-15,GOOGL
Meta partners with major firm to accelerate AI development,2026-01-15,META
Meta launches new product line targeting enterprise customers,2026-01-15,META
Institutional investors increase stake in Meta,2026-01-15,META
Analysts upgrade Microsoft citing improving fundamentals,2026-01-15,MSFT
Nvidia launches new product line targeting enterprise customers,2026-01-15,NVDA
Tesla stock rises after positive product launch announcement,2026-01-15,TSLA
Tesla partners with major firm to accelerate AI development,2026-01-15,TSLA
Apple cuts workforce as part of restructuring plan,2026-01-16,AAPL
Apple CEO outlines growth strategy at investor conference,2026-01-16,AAPL
Amazon stock rises after positive product launch announcement,2026-01-16,AMZN
Amazon revenue falls short of forecasts amid market slowdown,2026-01-16,AMZN
Google stock under pressure after disappointing guidance,2026-01-16,GOOGL
Google CEO outlines growth strategy at investor conference,2026-01-16,GOOGL
Google beats revenue estimates for the third consecutive quarter,2026-01-16,GOOGL
Institutional investors increase stake in Meta,2026-01-16,META
Microsoft stock under pressure after disappointing guidance,2026-01-16,MSFT
Microsoft launches new product line targeting enterprise customers,2026-01-16,MSFT
Microsoft stock under pressure after disappointing guidance,2026-01-16,MSFT
Nvidia faces regulatory scrutiny over data privacy concerns,2026-01-16,NVDA
Analysts upgrade Nvidia citing improving fundamentals,2026-01-16,NVDA
Nvidia revenue falls short of forecasts amid market slowdown,2026-01-16,NVDA
Analysts upgrade Tesla citing improving fundamentals,2026-01-16,TSLA
Tesla expands into new markets with strategic acquisition,2026-01-16,TSLA
Tesla revenue falls short of forecasts amid market slowdown,2026-01-16,TSLA
Apple CEO outlines growth strategy at investor conference,2026-01-20,AAPL
Apple beats revenue estimates for the third consecutive quarter,2026-01-20,AAPL
Apple cuts workforce as part of restructuring plan,2026-01-20,AAPL
Amazon CEO outlines growth strategy at investor conference,2026-01-20,AMZN
Amazon beats revenue estimates for the third consecutive quarter,2026-01-20,AMZN
"Google reports strong quarterly earnings, beating analyst expectations",2026-01-20,GOOGL
Google stock rises after positive product launch announcement,2026-01-20,GOOGL
Google announces share buyback program worth $5 billion,2026-01-20,GOOGL
Meta CEO outlines growth strategy at investor conference,2026-01-20,META
Meta launches new product line targeting enterprise customers,2026-01-20,META
Microsoft raises full-year guidance after strong performance,2026-01-20,MSFT
"Microsoft reports strong quarterly earnings, beating analyst expectations",2026-01-20,MSFT
Nvidia revenue falls short of forecasts amid market slowdown,2026-01-20,NVDA
Tesla announces share buyback program worth $5 billion,2026-01-20,TSLA
Apple launches new product line targeting enterprise customers,2026-01-21,AAPL
Amazon announces share buyback program worth $5 billion,2026-01-21,AMZN
Google faces regulatory scrutiny over data privacy concerns,2026-01-21,GOOGL
Google revenue falls short of forecasts amid market slowdown,2026-01-21,GOOGL
Meta launches new product line targeting enterprise customers,2026-01-21,META
Meta expands into new markets with strategic acquisition,2026-01-21,META
Microsoft beats revenue estimates for the third consecutive quarter,2026-01-21,MSFT
Institutional investors increase stake in Nvidia,2026-01-21,NVDA
"Tesla reports strong quarterly earnings, beating analyst expectations",2026-01-21,TSLA
Tesla beats revenue estimates for the third consecutive quarter,2026-01-21,TSLA
Analysts upgrade Tesla citing improving fundamentals,2026-01-21,TSLA
Apple stock under pressure after disappointing guidance,2026-01-22,AAPL
Amazon revenue falls short of forecasts amid market slowdown,2026-01-22,AMZN
Amazon launches new product line targeting enterprise customers,2026-01-22,AMZN
Google raises full-year guidance after strong performance,2026-01-22,GOOGL
Google revenue falls short of forecasts amid market slowdown,2026-01-22,GOOGL
Meta cuts workforce as part of restructuring plan,2026-01-22,META
Meta faces regulatory scrutiny over data privacy concerns,2026-01-22,META
Meta stock under pressure after disappointing guidance,2026-01-22,META
Microsoft cuts workforce as part of restructuring plan,2026-01-22,MSFT
Microsoft faces regulatory scrutiny over data privacy concerns,2026-01-22,MSFT
Microsoft partners with major firm to accelerate AI development,2026-01-22,MSFT
Nvidia stock rises after positive product launch announcement,2026-01-22,NVDA
Tesla faces regulatory scrutiny over data privacy concerns,2026-01-22,TSLA
"Apple reports strong quarterly earnings, beating analyst expectations",2026-01-23,AAPL
Amazon beats revenue estimates for the third consecutive quarter,2026-01-23,AMZN
Amazon stock under pressure after disappointing guidance,2026-01-23,AMZN
Amazon beats revenue estimates for the third consecutive quarter,2026-01-23,AMZN
Google CEO outlines growth strategy at investor conference,2026-01-23,GOOGL
Analysts upgrade Google citing improving fundamentals,2026-01-23,GOOGL
Google cuts workforce as part of restructuring plan,2026-01-23,GOOGL
"Meta reports strong quarterly earnings, beating analyst expectations",2026-01-23,META
Microsoft cuts workforce as part of restructuring plan,2026-01-23,MSFT
Nvidia beats revenue estimates for the third consecutive quarter,2026-01-23,NVDA
Nvidia cuts workforce as part of restructuring plan,2026-01-23,NVDA
Nvidia launches new product line targeting enterprise customers,2026-01-23,NVDA
Tesla raises full-year guidance after strong performance,2026-01-23,TSLA
Apple beats revenue estimates for the third consecutive quarter,2026-01-26,AAPL
Apple announces share buyback program worth $5 billion,2026-01-26,AAPL
Amazon revenue falls short of forecasts amid market slowdown,2026-01-26,AMZN
Google partners with major firm to accelerate AI development,2026-01-26,GOOGL
Google CEO outlines growth strategy at investor conference,2026-01-26,GOOGL
Google stock rises after positive product launch announcement,2026-01-26,GOOGL
Meta launches new product line targeting enterprise customers,2026-01-26,META
Meta expands into new markets with strategic acquisition,2026-01-26,META
Microsoft announces share buyback program worth $5 billion,2026-01-26,MSFT
"Nvidia reports strong quarterly earnings, beating analyst expectations",2026-01-26,NVDA
Nvidia partners with major firm to accelerate AI development,2026-01-26,NVDA
Tesla stock rises after positive product launch announcement,2026-01-26,TSLA
Tesla launches new product line targeting enterprise customers,2026-01-26,TSLA
Apple expands into new markets with strategic acquisition,2026-01-27,AAPL
Apple stock rises after positive product launch announcement,2026-01-27,AAPL
Apple stock under pressure after disappointing guidance,2026-01-27,AAPL
Amazon CEO outlines growth strategy at investor conference,2026-01-27,AMZN
Amazon revenue falls short of forecasts amid market slowdown,2026-01-27,AMZN
Google beats revenue estimates for the third consecutive quarter,2026-01-27,GOOGL
Google cuts workforce as part of restructuring plan,2026-01-27,GOOGL
Meta partners with major firm to accelerate AI development,2026-01-27,META
Meta revenue falls short of forecasts amid market slowdown,2026-01-27,META
Microsoft raises full-year guidance after strong performance,2026-01-27,MSFT
Microsoft CEO outlines growth strategy at investor conference,2026-01-27,MSFT
Analysts upgrade Microsoft citing improving fundamentals,2026-01-27,MSFT
Nvidia stock under pressure after disappointing guidance,2026-01-27,NVDA
"Nvidia reports strong quarterly earnings, beating analyst expectations",2026-01-27,NVDA
Tesla revenue falls short of forecasts amid market slowdown,2026-01-27,TSLA
Tesla partners with major firm to accelerate AI development,2026-01-27,TSLA
Apple faces regulatory scrutiny over data privacy concerns,2026-01-28,AAPL
Apple cuts workforce as part of restructuring plan,2026-01-28,AAPL
Amazon beats revenue estimates for the third consecutive quarter,2026-01-28,AMZN
Amazon stock rises after positive product launch announcement,2026-01-28,AMZN
Google beats revenue estimates for the third consecutive quarter,2026-01-28,GOOGL
"Meta reports strong quarterly earnings, beating analyst expectations",2026-01-28,META
Meta stock rises after positive product launch announcement,2026-01-28,META
Meta stock rises after positive product launch announcement,2026-01-28,META
Microsoft cuts workforce as part of restructuring plan,2026-01-28,MSFT
Microsoft launches new product line targeting enterprise customers,2026-01-28,MSFT
Nvidia raises full-year guidance after strong performance,2026-01-28,NVDA
Tesla stock under pressure after disappointing guidance,2026-01-28,TSLA
Apple announces share buyback program worth $5 billion,2026-01-29,AAPL
Apple announces share buyback program worth $5 billion,2026-01-29,AAPL
Amazon expands into new markets with strategic acquisition,2026-01-29,AMZN
Google raises full-year guidance after strong performance,2026-01-29,GOOGL
Google partners with major firm to accelerate AI development,2026-01-29,GOOGL
Google raises full-year guidance after strong performance,2026-01-29,GOOGL
Meta stock rises after positive product launch announcement,2026-01-29,META
Meta partners with major firm to accelerate AI development,2026-01-29,META
Meta partners with major firm to accelerate AI development,2026-01-29,META
Analysts upgrade Microsoft citing improving fundamentals,2026-01-29,MSFT
"Nvidia reports strong quarterly earnings, beating analyst expectations",2026-01-29,NVDA
"Tesla reports strong quarterly earnings, beating analyst expectations",2026-01-29,TSLA
Tesla faces regulatory scrutiny over data privacy concerns,2026-01-29,TSLA
Tesla cuts workforce as part of restructuring plan,2026-01-29,TSLA
Apple expands into new markets with strategic acquisition,2026-01-30,AAPL
Apple cuts workforce as part of restructuring plan,2026-01-30,AAPL
Apple faces regulatory scrutiny over data privacy concerns,2026-01-30,AAPL
Amazon raises full-year guidance after strong performance,2026-01-30,AMZN
Amazon beats revenue estimates for the third consecutive quarter,2026-01-30,AMZN
Google stock rises after positive product launch announcement,2026-01-30,GOOGL
Google revenue falls short of forecasts amid market slowdown,2026-01-30,GOOGL
Google stock under pressure after disappointing guidance,2026-01-30,GOOGL
Meta faces regulatory scrutiny over data privacy concerns,2026-01-30,META
Meta launches new product line targeting enterprise customers,2026-01-30,META
Meta raises full-year guidance after strong performance,2026-01-30,META
Microsoft beats revenue estimates for the third consecutive quarter,2026-01-30,MSFT
Microsoft stock under pressure after disappointing guidance,2026-01-30,MSFT
Nvidia launches new product line targeting enterprise customers,2026-01-30,NVDA
Nvidia beats revenue estimates for the third consecutive quarter,2026-01-30,NVDA
Tesla stock under pressure after disappointing guidance,2026-01-30,TSLA
"Tesla reports strong quarterly earnings, beating analyst expectations",2026-01-30,TSLA
Apple stock under pressure after disappointing guidance,2026-02-02,AAPL
Amazon launches new product line targeting enterprise customers,2026-02-02,AMZN
Google stock rises after positive product launch announcement,2026-02-02,GOOGL
Meta launches new product line targeting enterprise customers,2026-02-02,META
Meta CEO outlines growth strategy at investor conference,2026-02-02,META
Microsoft beats revenue estimates for the third consecutive quarter,2026-02-02,MSFT
"Microsoft reports strong quarterly earnings, beating analyst expectations",2026-02-02,MSFT
Microsoft stock under pressure after disappointing guidance,2026-02-02,MSFT
Nvidia beats revenue estimates for the third consecutive quarter,2026-02-02,NVDA
Nvidia raises full-year guidance after strong performance,2026-02-02,NVDA
Nvidia stock rises after positive product launch announcement,2026-02-02,NVDA
"Tesla reports strong quarterly earnings, beating analyst expectations",2026-02-02,TSLA
Apple stock rises after positive product launch announcement,2026-02-03,AAPL
"Apple reports strong quarterly earnings, beating analyst expectations",2026-02-03,AAPL
"Apple reports strong quarterly earnings, beating analyst expectations",2026-02-03,AAPL
Amazon faces regulatory scrutiny over data privacy concerns,2026-02-03,AMZN
Institutional investors increase stake in Amazon,2026-02-03,AMZN
Amazon beats revenue estimates for the third consecutive quarter,2026-02-03,AMZN
Google CEO outlines growth strategy at investor conference,2026-02-03,GOOGL
Google expands into new markets with strategic acquisition,2026-02-03,GOOGL
Google stock rises after positive product launch announcement,2026-02-03,GOOGL
Institutional investors increase stake in Meta,2026-02-03,META
Meta announces share buyback program worth $5 billion,2026-02-03,META
Analysts upgrade Meta citing improving fundamentals,2026-02-03,META
Microsoft stock rises after positive product launch announcement,2026-02-03,MSFT
Nvidia raises full-year guidance after strong performance,2026-02-03,NVDA
Nvidia stock rises after positive product launch announcement,2026-02-03,NVDA
Nvidia stock rises after positive product launch announcement,2026-02-03,NVDA
Tesla CEO outlines growth strategy at investor conference,2026-02-03,TSLA
Tesla beats revenue estimates for the third consecutive quarter,2026-02-03,TSLA
Apple stock under pressure after disappointing guidance,2026-02-04,AAPL
"Apple reports strong quarterly earnings, beating analyst expectations",2026-02-04,AAPL
Amazon revenue falls short of forecasts amid market slowdown,2026-02-04,AMZN
Google partners with major firm to accelerate AI development,2026-02-04,GOOGL
"Google reports strong quarterly earnings, beating analyst expectations",2026-02-04,GOOGL
"Meta reports strong quarterly earnings, beating analyst expectations",2026-02-04,META
Microsoft expands into new markets with strategic acquisition,2026-02-04,MSFT
Microsoft cuts workforce as part of restructuring plan,2026-02-04,MSFT
Nvidia announces share buyback program worth $5 billion,2026-02-04,NVDA
Tesla cuts workforce as part of restructuring plan,2026-02-04,TSLA
Apple revenue falls short of forecasts amid market slowdown,2026-02-05,AAPL
Amazon revenue falls short of forecasts amid market slowdown,2026-02-05,AMZN
Analysts upgrade Amazon citing improving fundamentals,2026-02-05,AMZN
Analysts upgrade Amazon citing improving fundamentals,2026-02-05,AMZN
Google cuts workforce as part of restructuring plan,2026-02-05,GOOGL
Analysts upgrade Google citing improving fundamentals,2026-02-05,GOOGL
Meta revenue falls short of forecasts amid market slowdown,2026-02-05,META
Microsoft expands into new markets with strategic acquisition,2026-02-05,MSFT
Microsoft beats revenue estimates for the third consecutive quarter,2026-02-05,MSFT
Nvidia faces regulatory scrutiny over data privacy concerns,2026-02-05,NVDA
Analysts upgrade Tesla citing improving fundamentals,2026-02-05,TSLA
Apple expands into new markets with strategic acquisition,2026-02-06,AAPL
Apple launches new product line targeting enterprise customers,2026-02-06,AAPL
Analysts upgrade Apple citing improving fundamentals,2026-02-06,AAPL
"Amazon reports strong quarterly earnings, beating analyst expectations",2026-02-06,AMZN
Google beats revenue estimates for the third consecutive quarter,2026-02-06,GOOGL
Google stock under pressure after disappointing guidance,2026-02-06,GOOGL
Meta raises full-year guidance after strong performance,2026-02-06,META
Institutional investors increase stake in Meta,2026-02-06,META
Meta beats revenue estimates for the third consecutive quarter,2026-02-06,META
Microsoft launches new product line targeting enterprise customers,2026-02-06,MSFT
Microsoft beats revenue estimates for the third consecutive quarter,2026-02-06,MSFT
"Microsoft reports strong quarterly earnings, beating analyst expectations",2026-02-06,MSFT
Analysts upgrade Nvidia citing improving fundamentals,2026-02-06,NVDA
Nvidia stock rises after positive product launch announcement,2026-02-06,NVDA
Nvidia cuts workforce as part of restructuring plan,2026-02-06,NVDA
Analysts upgrade Tesla citing improving fundamentals,2026-02-06,TSLA
Tesla expands into new markets with strategic acquisition,2026-02-06,TSLA
Analysts upgrade Tesla citing improving fundamentals,2026-02-06,TSLA
Apple revenue falls short of forecasts amid market slowdown,2026-02-09,AAPL
Apple launches new product line targeting enterprise customers,2026-02-09,AAPL
Apple revenue falls short of forecasts amid market slowdown,2026-02-09,AAPL
Analysts upgrade Amazon citing improving fundamentals,2026-02-09,AMZN
Amazon expands into new markets with strategic acquisition,2026-02-09,AMZN
Institutional investors increase stake in Google,2026-02-09,GOOGL
Institutional investors increase stake in Meta,2026-02-09,META
Microsoft CEO outlines growth strategy at investor conference,2026-02-09,MSFT
"Microsoft reports strong quarterly earnings, beating analyst expectations",2026-02-09,MSFT
Microsoft beats revenue estimates for the third consecutive quarter,2026-02-09,MSFT
Nvidia beats revenue estimates for the third consecutive quarter,2026-02-09,NVDA
Nvidia expands into new markets with strategic acquisition,2026-02-09,NVDA
Nvidia stock under pressure after disappointing guidance,2026-02-09,NVDA
Tesla stock under pressure after disappointing guidance,2026-02-09,TSLA
Apple expands into new markets with strategic acquisition,2026-02-10,AAPL
Amazon launches new product line targeting enterprise customers,2026-02-10,AMZN
Amazon cuts workforce as part of restructuring plan,2026-02-10,AMZN
Amazon stock rises after positive product launch announcement,2026-02-10,AMZN
Analysts upgrade Google citing improving fundamentals,2026-02-10,GOOGL
Meta faces regulatory scrutiny over data privacy concerns,2026-02-10,META
Meta revenue falls short of forecasts amid market slowdown,2026-02-10,META
Microsoft expands into new markets with strategic acquisition,2026-02-10,MSFT
Nvidia stock rises after positive product launch announcement,2026-02-10,NVDA
Nvidia stock under pressure after disappointing guidance,2026-02-10,NVDA
Tesla raises full-year guidance after strong performance,2026-02-10,TSLA
Tesla launches new product line targeting enterprise customers,2026-02-10,TSLA
Institutional investors increase stake in Tesla,2026-02-10,TSLA
Apple raises full-year guidance after strong performance,2026-02-11,AAPL
Apple beats revenue estimates for the third consecutive quarter,2026-02-11,AAPL
Apple stock under pressure after disappointing guidance,2026-02-11,AAPL
Amazon raises full-year guidance after strong performance,2026-02-11,AMZN
Amazon expands into new markets with strategic acquisition,2026-02-11,AMZN
Google expands into new markets with strategic acquisition,2026-02-11,GOOGL
Meta CEO outlines growth strategy at investor conference,2026-02-11,META
Meta launches new product line targeting enterprise customers,2026-02-11,META
Microsoft CEO outlines growth strategy at investor conference,2026-02-11,MSFT
Microsoft launches new product line targeting enterprise customers,2026-02-11,MSFT
Nvidia expands into new markets with strategic acquisition,2026-02-11,NVDA
Tesla CEO outlines growth strategy at investor conference,2026-02-11,TSLA
Tesla faces regulatory scrutiny over data privacy concerns,2026-02-11,TSLA
Apple beats revenue estimates for the third consecutive quarter,2026-02-12,AAPL
Amazon revenue falls short of forecasts amid market slowdown,2026-02-12,AMZN
Amazon announces share buyback program worth $5 billion,2026-02-12,AMZN
Amazon launches new product line targeting enterprise customers,2026-02-12,AMZN
Google raises full-year guidance after strong performance,2026-02-12,GOOGL
"Google reports strong quarterly earnings, beating analyst expectations",2026-02-12,GOOGL
Google revenue falls short of forecasts amid market slowdown,2026-02-12,GOOGL
Meta revenue falls short of forecasts amid market slowdown,2026-02-12,META
Meta cuts workforce as part of restructuring plan,2026-02-12,META
Microsoft raises full-year guidance after strong performance,2026-02-12,MSFT
Nvidia stock rises after positive product launch announcement,2026-02-12,NVDA
Tesla CEO outlines growth strategy at investor conference,2026-02-12,TSLA
Institutional investors increase stake in Apple,2026-02-13,AAPL
Amazon partners with major firm to accelerate AI development,2026-02-13,AMZN
Institutional investors increase stake in Amazon,2026-02-13,AMZN
Google revenue falls short of forecasts amid market slowdown,2026-02-13,GOOGL
Analysts upgrade Google citing improving fundamentals,2026-02-13,GOOGL
Google CEO outlines growth strategy at investor conference,2026-02-13,GOOGL
Meta revenue falls short of forecasts amid market slowdown,2026-02-13,META
Meta launches new product line targeting enterprise customers,2026-02-13,META
Meta launches new product line targeting enterprise customers,2026-02-13,META
Microsoft CEO outlines growth strategy at investor conference,2026-02-13,MSFT
"Nvidia reports strong quarterly earnings, beating analyst expectations",2026-02-13,NVDA
Nvidia CEO outlines growth strategy at investor conference,2026-02-13,NVDA
Tesla cuts workforce as part of restructuring plan,2026-02-13,TSLA
Apple stock rises after positive product launch announcement,2026-02-17,AAPL
Amazon launches new product line targeting enterprise customers,2026-02-17,AMZN
Amazon revenue falls short of forecasts amid market slowdown,2026-02-17,AMZN
Google cuts workforce as part of restructuring plan,2026-02-17,GOOGL
Google revenue falls short of forecasts amid market slowdown,2026-02-17,GOOGL
Google stock rises after positive product launch announcement,2026-02-17,GOOGL
Meta launches new product line targeting enterprise customers,2026-02-17,META
Microsoft revenue falls short of forecasts amid market slowdown,2026-02-17,MSFT
Microsoft announces share buyback program worth $5 billion,2026-02-17,MSFT
Microsoft launches new product line targeting enterprise customers,2026-02-17,MSFT
Nvidia stock under pressure after disappointing guidance,2026-02-17,NVDA
Nvidia beats revenue estimates for the third consecutive quarter,2026-02-17,NVDA
"Nvidia reports strong quarterly earnings, beating analyst expectations",2026-02-17,NVDA
Tesla cuts workforce as part of restructuring plan,2026-02-17,TSLA
Tesla cuts workforce as part of restructuring plan,2026-02-17,TSLA
Tesla stock under pressure after disappointing guidance,2026-02-17,TSLA
Apple partners with major firm to accelerate AI development,2026-02-18,AAPL
Apple launches new product line targeting enterprise customers,2026-02-18,AAPL
"Apple reports strong quarterly earnings, beating analyst expectations",2026-02-18,AAPL
Amazon CEO outlines growth strategy at investor conference,2026-02-18,AMZN
"Amazon reports strong quarterly earnings, beating analyst expectations",2026-02-18,AMZN
Google faces regulatory scrutiny over data privacy concerns,2026-02-18,GOOGL
Meta CEO outlines growth strategy at investor conference,2026-02-18,META
Microsoft raises full-year guidance after strong performance,2026-02-18,MSFT
Microsoft expands into new markets with strategic acquisition,2026-02-18,MSFT
Nvidia expands into new markets with strategic acquisition,2026-02-18,NVDA
Nvidia stock rises after positive product launch announcement,2026-02-18,NVDA
Nvidia launches new product line targeting enterprise customers,2026-02-18,NVDA
Tesla cuts workforce as part of restructuring plan,2026-02-18,TSLA
Tesla announces share buyback program worth $5 billion,2026-02-18,TSLA
Apple revenue falls short of forecasts amid market slowdown,2026-02-19,AAPL
Institutional investors increase stake in Apple,2026-02-19,AAPL
Analysts upgrade Apple citing improving fundamentals,2026-02-19,AAPL
Amazon beats revenue estimates for the third consecutive quarter,2026-02-19,AMZN
Google raises full-year guidance after strong performance,2026-02-19,GOOGL
Google cuts workforce as part of restructuring plan,2026-02-19,GOOGL
Meta cuts workforce as part of restructuring plan,2026-02-19,META
"Meta reports strong quarterly earnings, beating analyst expectations",2026-02-19,META
Institutional investors increase stake in Microsoft,2026-02-19,MSFT
Nvidia launches new product line targeting enterprise customers,2026-02-19,NVDA
Institutional investors increase stake in Nvidia,2026-02-19,NVDA
Nvidia revenue falls short of forecasts amid market slowdown,2026-02-19,NVDA
Tesla expands into new markets with strategic acquisition,2026-02-19,TSLA
Apple stock rises after positive product launch announcement,2026-02-20,AAPL
Apple stock under pressure after disappointing guidance,2026-02-20,AAPL
Amazon announces share buyback program worth $5 billion,2026-02-20,AMZN
Amazon revenue falls short of forecasts amid market slowdown,2026-02-20,AMZN
Google beats revenue estimates for the third consecutive quarter,2026-02-20,GOOGL
Analysts upgrade Meta citing improving fundamentals,2026-02-20,META
"Meta reports strong quarterly earnings, beating analyst expectations",2026-02-20,META
Microsoft CEO outlines growth strategy at investor conference,2026-02-20,MSFT
Analysts upgrade Nvidia citing improving fundamentals,2026-02-20,NVDA
Nvidia CEO outlines growth strategy at investor conference,2026-02-20,NVDA
"Tesla reports strong quarterly earnings, beating analyst expectations",2026-02-20,TSLA
Apple faces regulatory scrutiny over data privacy concerns,2026-02-23,AAPL
Institutional investors increase stake in Apple,2026-02-23,AAPL
Institutional investors increase stake in Amazon,2026-02-23,AMZN
Amazon stock under pressure after disappointing guidance,2026-02-23,AMZN
Institutional investors increase stake in Google,2026-02-23,GOOGL
Google cuts workforce as part of restructuring plan,2026-02-23,GOOGL
Meta partners with major firm to accelerate AI development,2026-02-23,META
Microsoft raises full-year guidance after strong performance,2026-02-23,MSFT
Nvidia stock under pressure after disappointing guidance,2026-02-23,NVDA
Tesla raises full-year guidance after strong performance,2026-02-23,TSLA
Apple beats revenue estimates for the third consecutive quarter,2026-02-24,AAPL
Apple raises full-year guidance after strong performance,2026-02-24,AAPL
Institutional investors increase stake in Apple,2026-02-24,AAPL
Amazon expands into new markets with strategic acquisition,2026-02-24,AMZN
Institutional investors increase stake in Amazon,2026-02-24,AMZN
Google launches new product line targeting enterprise customers,2026-02-24,GOOGL
"Google reports strong quarterly earnings, beating analyst expectations",2026-02-24,GOOGL
Analysts upgrade Google citing improving fundamentals,2026-02-24,GOOGL
Meta launches new product line targeting enterprise customers,2026-02-24,META
Microsoft stock under pressure after disappointing guidance,2026-02-24,MSFT
Microsoft announces share buyback program worth $5 billion,2026-02-24,MSFT
Microsoft announces share buyback program worth $5 billion,2026-02-24,MSFT
Nvidia expands into new markets with strategic acquisition,2026-02-24,NVDA
Nvidia cuts workforce as part of restructuring plan,2026-02-24,NVDA
Tesla revenue falls short of forecasts amid market slowdown,2026-02-24,TSLA
Tesla CEO outlines growth strategy at investor conference,2026-02-24,TSLA
Institutional investors increase stake in Apple,2026-02-25,AAPL
Apple partners with major firm to accelerate AI development,2026-02-25,AAPL
Amazon revenue falls short of forecasts amid market slowdown,2026-02-25,AMZN
Google faces regulatory scrutiny over data privacy concerns,2026-02-25,GOOGL
"Meta reports strong quarterly earnings, beating analyst expectations",2026-02-25,META
Meta stock under pressure after disappointing guidance,2026-02-25,META
Analysts upgrade Meta citing improving fundamentals,2026-02-25,META
Microsoft stock under pressure after disappointing guidance,2026-02-25,MSFT
Microsoft beats revenue estimates for the third consecutive quarter,2026-02-25,MSFT
Nvidia beats revenue estimates for the third consecutive quarter,2026-02-25,NVDA
Tesla partners with major firm to accelerate AI development,2026-02-25,TSLA
Tesla partners with major firm to accelerate AI development,2026-02-25,TSLA
Tesla partners with major firm to accelerate AI development,2026-02-25,TSLA
"Apple reports strong quarterly earnings, beating analyst expectations",2026-02-26,AAPL
Apple announces share buyback program worth $5 billion,2026-02-26,AAPL
Apple stock rises after positive product launch announcement,2026-02-26,AAPL
Amazon announces share buyback program worth $5 billion,2026-02-26,AMZN
Amazon expands into new markets with strategic acquisition,2026-02-26,AMZN
Amazon stock under pressure after disappointing guidance,2026-02-26,AMZN
Google CEO outlines growth strategy at investor conference,2026-02-26,GOOGL
Meta cuts workforce as part of restructuring plan,2026-02-26,META
Meta revenue falls short of forecasts amid market slowdown,2026-02-26,META
Microsoft faces regulatory scrutiny over data privacy concerns,2026-02-26,MSFT
Microsoft revenue falls short of forecasts amid market slowdown,2026-02-26,MSFT
Microsoft partners with major firm to accelerate AI development,2026-02-26,MSFT
Institutional investors increase stake in Nvidia,2026-02-26,NVDA
Nvidia stock under pressure after disappointing guidance,2026-02-26,NVDA
Tesla revenue falls short of forecasts amid market slowdown,2026-02-26,TSLA
"Apple reports strong quarterly earnings, beating analyst expectations",2026-02-27,AAPL
Analysts upgrade Amazon citing improving fundamentals,2026-02-27,AMZN
Analysts upgrade Amazon citing improving fundamentals,2026-02-27,AMZN
Analysts upgrade Google citing improving fundamentals,2026-02-27,GOOGL
Institutional investors increase stake in Meta,2026-02-27,META
Microsoft stock rises after positive product launch announcement,2026-02-27,MSFT
Microsoft partners with major firm to accelerate AI development,2026-02-27,MSFT
Microsoft expands into new markets with strategic acquisition,2026-02-27,MSFT
Institutional investors increase stake in Nvidia,2026-02-27,NVDA
"Nvidia reports strong quarterly earnings, beating analyst expectations",2026-02-27,NVDA
Institutional investors increase stake in Tesla,2026-02-27,TSLA
Tesla announces share buyback program worth $5 billion,2026-02-27,TSLA
Analysts upgrade Tesla citing improving fundamentals,2026-02-27,TSLA
Apple revenue falls short of forecasts amid market slowdown,2026-03-02,AAPL
Institutional investors increase stake in Apple,2026-03-02,AAPL
Apple CEO outlines growth strategy at investor conference,2026-03-02,AAPL
Amazon launches new product line targeting enterprise customers,2026-03-02,AMZN
Amazon cuts workforce as part of restructuring plan,2026-03-02,AMZN
Amazon faces regulatory scrutiny over data privacy concerns,2026-03-02,AMZN
Google beats revenue estimates for the third consecutive quarter,2026-03-02,GOOGL
Institutional investors increase stake in Google,2026-03-02,GOOGL
Meta partners with major firm to accelerate AI development,2026-03-02,META
Microsoft beats revenue estimates for the third consecutive quarter,2026-03-02,MSFT
Microsoft launches new product line targeting enterprise customers,2026-03-02,MSFT
Nvidia faces regulatory scrutiny over data privacy concerns,2026-03-02,NVDA
Nvidia beats revenue estimates for the third consecutive quarter,2026-03-02,NVDA
Nvidia faces regulatory scrutiny over data privacy concerns,2026-03-02,NVDA
Institutional investors increase stake in Tesla,2026-03-02,TSLA
Tesla partners with major firm to accelerate AI development,2026-03-02,TSLA
Tesla raises full-year guidance after strong performance,2026-03-02,TSLA
Apple cuts workforce as part of restructuring plan,2026-03-03,AAPL
"Apple reports strong quarterly earnings, beating analyst expectations",2026-03-03,AAPL
Amazon revenue falls short of forecasts amid market slowdown,2026-03-03,AMZN
Amazon announces share buyback program worth $5 billion,2026-03-03,AMZN
Amazon revenue falls short of forecasts amid market slowdown,2026-03-03,AMZN
Google partners with major firm to accelerate AI development,2026-03-03,GOOGL
Meta announces share buyback program worth $5 billion,2026-03-03,META
Meta faces regulatory scrutiny over data privacy concerns,2026-03-03,META
Institutional investors increase stake in Meta,2026-03-03,META
Microsoft stock under pressure after disappointing guidance,2026-03-03,MSFT
Nvidia stock under pressure after disappointing guidance,2026-03-03,NVDA
Institutional investors increase stake in Tesla,2026-03-03,TSLA
Apple revenue falls short of forecasts amid market slowdown,2026-03-04,AAPL
Apple beats revenue estimates for the third consecutive quarter,2026-03-04,AAPL
Analysts upgrade Amazon citing improving fundamentals,2026-03-04,AMZN
Amazon stock under pressure after disappointing guidance,2026-03-04,AMZN
Amazon partners with major firm to accelerate AI development,2026-03-04,AMZN
Analysts upgrade Google citing improving fundamentals,2026-03-04,GOOGL
Institutional investors increase stake in Google,2026-03-04,GOOGL
Google beats revenue estimates for the third consecutive quarter,2026-03-04,GOOGL
Meta cuts workforce as part of restructuring plan,2026-03-04,META
Meta expands into new markets with strategic acquisition,2026-03-04,META
Microsoft stock rises after positive product launch announcement,2026-03-04,MSFT
Microsoft stock under pressure after disappointing guidance,2026-03-04,MSFT
Nvidia beats revenue estimates for the third consecutive quarter,2026-03-04,NVDA
Nvidia faces regulatory scrutiny over data privacy concerns,2026-03-04,NVDA
Analysts upgrade Tesla citing improving fundamentals,2026-03-04,TSLA
Tesla beats revenue estimates for the third consecutive quarter,2026-03-04,TSLA
Tesla launches new product line targeting enterprise customers,2026-03-04,TSLA
Apple faces regulatory scrutiny over data privacy concerns,2026-03-05,AAPL
Apple beats revenue estimates for the third consecutive quarter,2026-03-05,AAPL
Amazon revenue falls short of forecasts amid market slowdown,2026-03-05,AMZN
Amazon CEO outlines growth strategy at investor conference,2026-03-05,AMZN
Analysts upgrade Amazon citing improving fundamentals,2026-03-05,AMZN
Analysts upgrade Google citing improving fundamentals,2026-03-05,GOOGL
Google announces share buyback program worth $5 billion,2026-03-05,GOOGL
Google beats revenue estimates for the third consecutive quarter,2026-03-05,GOOGL
Meta CEO outlines growth strategy at investor conference,2026-03-05,META
Microsoft revenue falls short of forecasts amid market slowdown,2026-03-05,MSFT
Microsoft cuts workforce as part of restructuring plan,2026-03-05,MSFT
Microsoft announces share buyback program worth $5 billion,2026-03-05,MSFT
Nvidia beats revenue estimates for the third consecutive quarter,2026-03-05,NVDA
Nvidia launches new product line targeting enterprise customers,2026-03-05,NVDA
Nvidia expands into new markets with strategic acquisition,2026-03-05,NVDA
Tesla expands into new markets with strategic acquisition,2026-03-05,TSLA
Tesla expands into new markets with strategic acquisition,2026-03-05,TSLA
Tesla revenue falls short of forecasts amid market slowdown,2026-03-05,TSLA
Apple beats revenue estimates for the third consecutive quarter,2026-03-06,AAPL
Apple faces regulatory scrutiny over data privacy concerns,2026-03-06,AAPL
Apple announces share buyback program worth $5 billion,2026-03-06,AAPL
Institutional investors increase stake in Amazon,2026-03-06,AMZN
Amazon partners with major firm to accelerate AI development,2026-03-06,AMZN
Analysts upgrade Google citing improving fundamentals,2026-03-06,GOOGL
Google announces share buyback program worth $5 billion,2026-03-06,GOOGL
"Meta reports strong quarterly earnings, beating analyst expectations",2026-03-06,META
Microsoft announces share buyback program worth $5 billion,2026-03-06,MSFT
Microsoft partners with major firm to accelerate AI development,2026-03-06,MSFT
Microsoft faces regulatory scrutiny over data privacy concerns,2026-03-06,MSFT
Nvidia stock rises after positive product launch announcement,2026-03-06,NVDA
Tesla raises full-year guidance after strong performance,2026-03-06,TSLA
Apple revenue falls short of forecasts amid market slowdown,2026-03-09,AAPL
Institutional investors increase stake in Apple,2026-03-09,AAPL
Apple raises full-year guidance after strong performance,2026-03-09,AAPL
Amazon cuts workforce as part of restructuring plan,2026-03-09,AMZN
Amazon raises full-year guidance after strong performance,2026-03-09,AMZN
Google cuts workforce as part of restructuring plan,2026-03-09,GOOGL
Meta raises full-year guidance after strong performance,2026-03-09,META
Meta announces share buyback program worth $5 billion,2026-03-09,META
Meta cuts workforce as part of restructuring plan,2026-03-09,META
Microsoft cuts workforce as part of restructuring plan,2026-03-09,MSFT
Microsoft CEO outlines growth strategy at investor conference,2026-03-09,MSFT
Nvidia stock rises after positive product launch announcement,2026-03-09,NVDA
Institutional investors increase stake in Nvidia,2026-03-09,NVDA
Nvidia cuts workforce as part of restructuring plan,2026-03-09,NVDA
Tesla stock rises after positive product launch announcement,2026-03-09,TSLA
Tesla raises full-year guidance after strong performance,2026-03-09,TSLA
Apple expands into new markets with strategic acquisition,2026-03-10,AAPL
Analysts upgrade Apple citing improving fundamentals,2026-03-10,AAPL
Amazon stock under pressure after disappointing guidance,2026-03-10,AMZN
Amazon launches new product line targeting enterprise customers,2026-03-10,AMZN
Google expands into new markets with strategic acquisition,2026-03-10,GOOGL
Google stock rises after positive product launch announcement,2026-03-10,GOOGL
"Google reports strong quarterly earnings, beating analyst expectations",2026-03-10,GOOGL
Meta CEO outlines growth strategy at investor conference,2026-03-10,META
Analysts upgrade Microsoft citing improving fundamentals,2026-03-10,MSFT
Analysts upgrade Nvidia citing improving fundamentals,2026-03-10,NVDA
Tesla faces regulatory scrutiny over data privacy concerns,2026-03-10,TSLA
"Tesla reports strong quarterly earnings, beating analyst expectations",2026-03-10,TSLA
Apple CEO outlines growth strategy at investor conference,2026-03-11,AAPL
Analysts upgrade Amazon citing improving fundamentals,2026-03-11,AMZN
Amazon faces regulatory scrutiny over data privacy concerns,2026-03-11,AMZN
Amazon CEO outlines growth strategy at investor conference,2026-03-11,AMZN
Institutional investors increase stake in Google,2026-03-11,GOOGL
Meta revenue falls short of forecasts amid market slowdown,2026-03-11,META
Institutional investors increase stake in Meta,2026-03-11,META
Microsoft launches new product line targeting enterprise customers,2026-03-11,MSFT
Microsoft faces regulatory scrutiny over data privacy concerns,2026-03-11,MSFT
Nvidia stock rises after positive product launch announcement,2026-03-11,NVDA
Nvidia stock under pressure after disappointing guidance,2026-03-11,NVDA
Tesla cuts workforce as part of restructuring plan,2026-03-11,TSLA
Tesla cuts workforce as part of restructuring plan,2026-03-11,TSLA
Apple cuts workforce as part of restructuring plan,2026-03-12,AAPL
Apple revenue falls short of forecasts amid market slowdown,2026-03-12,AAPL
Analysts upgrade Amazon citing improving fundamentals,2026-03-12,AMZN
"Amazon reports strong quarterly earnings, beating analyst expectations",2026-03-12,AMZN
Amazon stock under pressure after disappointing guidance,2026-03-12,AMZN
Institutional investors increase stake in Google,2026-03-12,GOOGL
Meta announces share buyback program worth $5 billion,2026-03-12,META
Meta beats revenue estimates for the third consecutive quarter,2026-03-12,META
Meta faces regulatory scrutiny over data privacy concerns,2026-03-12,META
Microsoft stock under pressure after disappointing guidance,2026-03-12,MSFT
"Microsoft reports strong quarterly earnings, beating analyst expectations",2026-03-12,MSFT
Microsoft faces regulatory scrutiny over data privacy concerns,2026-03-12,MSFT
Nvidia announces share buyback program worth $5 billion,2026-03-12,NVDA
Nvidia launches new product line targeting enterprise customers,2026-03-12,NVDA
Nvidia faces regulatory scrutiny over data privacy concerns,2026-03-12,NVDA
Tesla announces share buyback program worth $5 billion,2026-03-12,TSLA
"Apple reports strong quarterly earnings, beating analyst expectations",2026-03-13,AAPL
Amazon revenue falls short of forecasts amid market slowdown,2026-03-13,AMZN
Google raises full-year guidance after strong performance,2026-03-13,GOOGL
Google faces regulatory scrutiny over data privacy concerns,2026-03-13,GOOGL
Meta expands into new markets with strategic acquisition,2026-03-13,META
Meta cuts workforce as part of restructuring plan,2026-03-13,META
"Microsoft reports strong quarterly earnings, beating analyst expectations",2026-03-13,MSFT
Analysts upgrade Nvidia citing improving fundamentals,2026-03-13,NVDA
Nvidia partners with major firm to accelerate AI development,2026-03-13,NVDA
Nvidia announces share buyback program worth $5 billion,2026-03-13,NVDA
Tesla cuts workforce as part of restructuring plan,2026-03-13,TSLA
Tesla beats revenue estimates for the third consecutive quarter,2026-03-13,TSLA
Apple revenue falls short of forecasts amid market slowdown,2026-03-16,AAPL
Amazon CEO outlines growth strategy at investor conference,2026-03-16,AMZN
Amazon stock under pressure after disappointing guidance,2026-03-16,AMZN
Amazon stock rises after positive product launch announcement,2026-03-16,AMZN
Google expands into new markets with strategic acquisition,2026-03-16,GOOGL
Google faces regulatory scrutiny over data privacy concerns,2026-03-16,GOOGL
Analysts upgrade Google citing improving fundamentals,2026-03-16,GOOGL
Meta expands into new markets with strategic acquisition,2026-03-16,META
Meta stock under pressure after disappointing guidance,2026-03-16,META
Meta cuts workforce as part of restructuring plan,2026-03-16,META
Microsoft announces share buyback program worth $5 billion,2026-03-16,MSFT
Microsoft launches new product line targeting enterprise customers,2026-03-16,MSFT
Nvidia revenue falls short of forecasts amid market slowdown,2026-03-16,NVDA
Tesla stock under pressure after disappointing guidance,2026-03-16,TSLA
Institutional investors increase stake in Tesla,2026-03-16,TSLA
Apple stock rises after positive product launch announcement,2026-03-17,AAPL
Apple announces share buyback program worth $5 billion,2026-03-17,AAPL
Apple revenue falls short of forecasts amid market slowdown,2026-03-17,AAPL
Amazon cuts workforce as part of restructuring plan,2026-03-17,AMZN
"Amazon reports strong quarterly earnings, beating analyst expectations",2026-03-17,AMZN
Amazon CEO outlines growth strategy at investor conference,2026-03-17,AMZN
"Google reports strong quarterly earnings, beating analyst expectations",2026-03-17,GOOGL
Meta announces share buyback program worth $5 billion,2026-03-17,META
Meta stock rises after positive product launch announcement,2026-03-17,META
Microsoft revenue falls short of forecasts amid market slowdown,2026-03-17,MSFT
Analysts upgrade Microsoft citing improving fundamentals,2026-03-17,MSFT
Nvidia faces regulatory scrutiny over data privacy concerns,2026-03-17,NVDA
Nvidia announces share buyback program worth $5 billion,2026-03-17,NVDA
Tesla raises full-year guidance after strong performance,2026-03-17,TSLA
Apple expands into new markets with strategic acquisition,2026-03-18,AAPL
Apple faces regulatory scrutiny over data privacy concerns,2026-03-18,AAPL
Apple stock rises after positive product launch announcement,2026-03-18,AAPL
Amazon launches new product line targeting enterprise customers,2026-03-18,AMZN
Amazon faces regulatory scrutiny over data privacy concerns,2026-03-18,AMZN
Amazon announces share buyback program worth $5 billion,2026-03-18,AMZN
Google cuts workforce as part of restructuring plan,2026-03-18,GOOGL
Google raises full-year guidance after strong performance,2026-03-18,GOOGL
Google cuts workforce as part of restructuring plan,2026-03-18,GOOGL
Meta stock rises after positive product launch announcement,2026-03-18,META
"Meta reports strong quarterly earnings, beating analyst expectations",2026-03-18,META
Microsoft expands into new markets with strategic acquisition,2026-03-18,MSFT
Nvidia raises full-year guidance after strong performance,2026-03-18,NVDA
Tesla expands into new markets with strategic acquisition,2026-03-18,TSLA
Tesla raises full-year guidance after strong performance,2026-03-18,TSLA
Apple faces regulatory scrutiny over data privacy concerns,2026-03-19,AAPL
"Apple reports strong quarterly earnings, beating analyst expectations",2026-03-19,AAPL
Amazon stock under pressure after disappointing guidance,2026-03-19,AMZN
Google revenue falls short of forecasts amid market slowdown,2026-03-19,GOOGL
Google launches new product line targeting enterprise customers,2026-03-19,GOOGL
Meta CEO outlines growth strategy at investor conference,2026-03-19,META
Meta raises full-year guidance after strong performance,2026-03-19,META
Microsoft cuts workforce as part of restructuring plan,2026-03-19,MSFT
Nvidia CEO outlines growth strategy at investor conference,2026-03-19,NVDA
Tesla announces share buyback program worth $5 billion,2026-03-19,TSLA
Apple faces regulatory scrutiny over data privacy concerns,2026-03-20,AAPL
Apple revenue falls short of forecasts amid market slowdown,2026-03-20,AAPL
Apple revenue falls short of forecasts amid market slowdown,2026-03-20,AAPL
Amazon CEO outlines growth strategy at investor conference,2026-03-20,AMZN
Amazon revenue falls short of forecasts amid market slowdown,2026-03-20,AMZN
Institutional investors increase stake in Google,2026-03-20,GOOGL
Analysts upgrade Google citing improving fundamentals,2026-03-20,GOOGL
Google stock rises after positive product launch announcement,2026-03-20,GOOGL
Analysts upgrade Meta citing improving fundamentals,2026-03-20,META
Microsoft launches new product line targeting enterprise customers,2026-03-20,MSFT
Microsoft stock rises after positive product launch announcement,2026-03-20,MSFT
Analysts upgrade Microsoft citing improving fundamentals,2026-03-20,MSFT
Nvidia announces share buyback program worth $5 billion,2026-03-20,NVDA
Nvidia cuts workforce as part of restructuring plan,2026-03-20,NVDA
Tesla expands into new markets with strategic acquisition,2026-03-20,TSLA
Tesla launches new product line targeting enterprise customers,2026-03-20,TSLA
Apple CEO outlines growth strategy at investor conference,2026-03-23,AAPL
Amazon expands into new markets with strategic acquisition,2026-03-23,AMZN
Amazon expands into new markets with strategic acquisition,2026-03-23,AMZN
Google launches new product line targeting enterprise customers,2026-03-23,GOOGL
Google partners with major firm to accelerate AI development,2026-03-23,GOOGL
Analysts upgrade Google citing improving fundamentals,2026-03-23,GOOGL
Analysts upgrade Meta citing improving fundamentals,2026-03-23,META
Meta stock under pressure after disappointing guidance,2026-03-23,META
Microsoft raises full-year guidance after strong performance,2026-03-23,MSFT
Analysts upgrade Nvidia citing improving fundamentals,2026-03-23,NVDA
Nvidia cuts workforce as part of restructuring plan,2026-03-23,NVDA
Nvidia launches new product line targeting enterprise customers,2026-03-23,NVDA
Tesla announces share buyback program worth $5 billion,2026-03-23,TSLA
Apple revenue falls short of forecasts amid market slowdown,2026-03-24,AAPL
Amazon announces share buyback program worth $5 billion,2026-03-24,AMZN
Amazon CEO outlines growth strategy at investor conference,2026-03-24,AMZN
Google stock under pressure after disappointing guidance,2026-03-24,GOOGL
Institutional investors increase stake in Google,2026-03-24,GOOGL
Meta faces regulatory scrutiny over data privacy concerns,2026-03-24,META
Meta CEO outlines growth strategy at investor conference,2026-03-24,META
Microsoft CEO outlines growth strategy at investor conference,2026-03-24,MSFT
Nvidia raises full-year guidance after strong performance,2026-03-24,NVDA
Nvidia partners with major firm to accelerate AI development,2026-03-24,NVDA
Tesla raises full-year guidance after strong performance,2026-03-24,TSLA
Tesla announces share buyback program worth $5 billion,2026-03-24,TSLA
Apple stock under pressure after disappointing guidance,2026-03-25,AAPL
Institutional investors increase stake in Amazon,2026-03-25,AMZN
Amazon partners with major firm to accelerate AI development,2026-03-25,AMZN
Amazon announces share buyback program worth $5 billion,2026-03-25,AMZN
Google stock rises after positive product launch announcement,2026-03-25,GOOGL
"Meta reports strong quarterly earnings, beating analyst expectations",2026-03-25,META
Institutional investors increase stake in Meta,2026-03-25,META
Institutional investors increase stake in Microsoft,2026-03-25,MSFT
Microsoft stock under pressure after disappointing guidance,2026-03-25,MSFT
Microsoft announces share buyback program worth $5 billion,2026-03-25,MSFT
Nvidia expands into new markets with strategic acquisition,2026-03-25,NVDA
Nvidia cuts workforce as part of restructuring plan,2026-03-25,NVDA
Tesla launches new product line targeting enterprise customers,2026-03-25,TSLA
Tesla expands into new markets with strategic acquisition,2026-03-25,TSLA
Analysts upgrade Tesla citing improving fundamentals,2026-03-25,TSLA
Apple launches new product line targeting enterprise customers,2026-03-26,AAPL
Amazon stock rises after positive product launch announcement,2026-03-26,AMZN
Amazon announces share buyback program worth $5 billion,2026-03-26,AMZN
Amazon faces regulatory scrutiny over data privacy concerns,2026-03-26,AMZN
Google expands into new markets with strategic acquisition,2026-03-26,GOOGL
Google announces share buyback program worth $5 billion,2026-03-26,GOOGL
Meta announces share buyback program worth $5 billion,2026-03-26,META
Meta cuts workforce as part of restructuring plan,2026-03-26,META
Analysts upgrade Meta citing improving fundamentals,2026-03-26,META
"Microsoft reports strong quarterly earnings, beating analyst expectations",2026-03-26,MSFT
Microsoft faces regulatory scrutiny over data privacy concerns,2026-03-26,MSFT
Analysts upgrade Microsoft citing improving fundamentals,2026-03-26,MSFT
Nvidia raises full-year guidance after strong performance,2026-03-26,NVDA
Nvidia expands into new markets with strategic acquisition,2026-03-26,NVDA
Tesla partners with major firm to accelerate AI development,2026-03-26,TSLA
Tesla CEO outlines growth strategy at investor conference,2026-03-26,TSLA
Tesla raises full-year guidance after strong performance,2026-03-26,TSLA
Apple partners with major firm to accelerate AI development,2026-03-27,AAPL
Analysts upgrade Apple citing improving fundamentals,2026-03-27,AAPL
Amazon announces share buyback program worth $5 billion,2026-03-27,AMZN
Amazon cuts workforce as part of restructuring plan,2026-03-27,AMZN
Google partners with major firm to accelerate AI development,2026-03-27,GOOGL
Meta cuts workforce as part of restructuring plan,2026-03-27,META
Microsoft stock under pressure after disappointing guidance,2026-03-27,MSFT
Nvidia beats revenue estimates for the third consecutive quarter,2026-03-27,NVDA
Nvidia stock under pressure after disappointing guidance,2026-03-27,NVDA
Nvidia expands into new markets with strategic acquisition,2026-03-27,NVDA
Tesla faces regulatory scrutiny over data privacy concerns,2026-03-27,TSLA
Institutional investors increase stake in Apple,2026-03-30,AAPL
"Apple reports strong quarterly earnings, beating analyst expectations",2026-03-30,AAPL
Apple expands into new markets with strategic acquisition,2026-03-30,AAPL
Institutional investors increase stake in Amazon,2026-03-30,AMZN
Amazon raises full-year guidance after strong performance,2026-03-30,AMZN
Google announces share buyback program worth $5 billion,2026-03-30,GOOGL
Analysts upgrade Meta citing improving fundamentals,2026-03-30,META
"Meta reports strong quarterly earnings, beating analyst expectations",2026-03-30,META
Meta partners with major firm to accelerate AI development,2026-03-30,META
Microsoft partners with major firm to accelerate AI development,2026-03-30,MSFT
Nvidia launches new product line targeting enterprise customers,2026-03-30,NVDA
Nvidia stock rises after positive product launch announcement,2026-03-30,NVDA
Nvidia announces share buyback program worth $5 billion,2026-03-30,NVDA
Tesla partners with major firm to accelerate AI development,2026-03-30,TSLA
Tesla partners with major firm to accelerate AI development,2026-03-30,TSLA
Tesla announces share buyback program worth $5 billion,2026-03-30,TSLA
Apple raises full-year guidance after strong performance,2026-03-31,AAPL
Amazon faces regulatory scrutiny over data privacy concerns,2026-03-31,AMZN
Amazon cuts workforce as part of restructuring plan,2026-03-31,AMZN
Amazon beats revenue estimates for the third consecutive quarter,2026-03-31,AMZN
Google announces share buyback program worth $5 billion,2026-03-31,GOOGL
Google stock under pressure after disappointing guidance,2026-03-31,GOOGL
Google announces share buyback program worth $5 billion,2026-03-31,GOOGL
Meta CEO outlines growth strategy at investor conference,2026-03-31,META
Microsoft stock rises after positive product launch announcement,2026-03-31,MSFT
"Microsoft reports strong quarterly earnings, beating analyst expectations",2026-03-31,MSFT
Institutional investors increase stake in Nvidia,2026-03-31,NVDA
Nvidia launches new product line targeting enterprise customers,2026-03-31,NVDA
Tesla partners with major firm to accelerate AI development,2026-03-31,TSLA
Tesla faces regulatory scrutiny over data privacy concerns,2026-03-31,TSLA
Tesla raises full-year guidance after strong performance,2026-03-31,TSLA
Apple stock under pressure after disappointing guidance,2026-04-01,AAPL
Amazon launches new product line targeting enterprise customers,2026-04-01,AMZN
Analysts upgrade Google citing improving fundamentals,2026-04-01,GOOGL
Google beats revenue estimates for the third consecutive quarter,2026-04-01,GOOGL
"Google reports strong quarterly earnings, beating analyst expectations",2026-04-01,GOOGL
"Meta reports strong quarterly earnings, beating analyst expectations",2026-04-01,META
Meta expands into new markets with strategic acquisition,2026-04-01,META
Microsoft partners with major firm to accelerate AI development,2026-04-01,MSFT
Microsoft announces share buyback program worth $5 billion,2026-04-01,MSFT
Nvidia partners with major firm to accelerate AI development,2026-04-01,NVDA
Tesla cuts workforce as part of restructuring plan,2026-04-01,TSLA
Tesla beats revenue estimates for the third consecutive quarter,2026-04-01,TSLA
Tesla partners with major firm to accelerate AI development,2026-04-01,TSLA
Apple faces regulatory scrutiny over data privacy concerns,2026-04-02,AAPL
Amazon launches new product line targeting enterprise customers,2026-04-02,AMZN
Amazon announces share buyback program worth $5 billion,2026-04-02,AMZN
Google launches new product line targeting enterprise customers,2026-04-02,GOOGL
Meta beats revenue estimates for the third consecutive quarter,2026-04-02,META
Meta stock under pressure after disappointing guidance,2026-04-02,META
Analysts upgrade Meta citing improving fundamentals,2026-04-02,META
"Microsoft reports strong quarterly earnings, beating analyst expectations",2026-04-02,MSFT
Microsoft cuts workforce as part of restructuring plan,2026-04-02,MSFT
"Nvidia reports strong quarterly earnings, beating analyst expectations",2026-04-02,NVDA
Nvidia CEO outlines growth strategy at investor conference,2026-04-02,NVDA
Institutional investors increase stake in Nvidia,2026-04-02,NVDA
Analysts upgrade Tesla citing improving fundamentals,2026-04-02,TSLA
"Tesla reports strong quarterly earnings, beating analyst expectations",2026-04-02,TSLA
Institutional investors increase stake in Tesla,2026-04-02,TSLA
Apple launches new product line targeting enterprise customers,2026-04-06,AAPL
Apple launches new product line targeting enterprise customers,2026-04-06,AAPL
Institutional investors increase stake in Apple,2026-04-06,AAPL
Amazon CEO outlines growth strategy at investor conference,2026-04-06,AMZN
Analysts upgrade Amazon citing improving fundamentals,2026-04-06,AMZN
Amazon stock rises after positive product launch announcement,2026-04-06,AMZN
Google announces share buyback program worth $5 billion,2026-04-06,GOOGL
Institutional investors increase stake in Google,2026-04-06,GOOGL
Google CEO outlines growth strategy at investor conference,2026-04-06,GOOGL
"Meta reports strong quarterly earnings, beating analyst expectations",2026-04-06,META
Institutional investors increase stake in Meta,2026-04-06,META
Analysts upgrade Meta citing improving fundamentals,2026-04-06,META
Microsoft cuts workforce as part of restructuring plan,2026-04-06,MSFT
Microsoft announces share buyback program worth $5 billion,2026-04-06,MSFT
Nvidia CEO outlines growth strategy at investor conference,2026-04-06,NVDA
Tesla revenue falls short of forecasts amid market slowdown,2026-04-06,TSLA
Apple stock under pressure after disappointing guidance,2026-04-07,AAPL
"Apple reports strong quarterly earnings, beating analyst expectations",2026-04-07,AAPL
Apple expands into new markets with strategic acquisition,2026-04-07,AAPL
"Amazon reports strong quarterly earnings, beating analyst expectations",2026-04-07,AMZN
Amazon stock rises after positive product launch announcement,2026-04-07,AMZN
Amazon stock under pressure after disappointing guidance,2026-04-07,AMZN
Google partners with major firm to accelerate AI development,2026-04-07,GOOGL
Google revenue falls short of forecasts amid market slowdown,2026-04-07,GOOGL
Google stock under pressure after disappointing guidance,2026-04-07,GOOGL
Meta revenue falls short of forecasts amid market slowdown,2026-04-07,META
Analysts upgrade Meta citing improving fundamentals,2026-04-07,META
Institutional investors increase stake in Microsoft,2026-04-07,MSFT
Microsoft expands into new markets with strategic acquisition,2026-04-07,MSFT
Nvidia announces share buyback program worth $5 billion,2026-04-07,NVDA
Tesla announces share buyback program worth $5 billion,2026-04-07,TSLA
Institutional investors increase stake in Tesla,2026-04-07,TSLA
"Apple reports strong quarterly earnings, beating analyst expectations",2026-04-08,AAPL
Apple stock rises after positive product launch announcement,2026-04-08,AAPL
Apple faces regulatory scrutiny over data privacy concerns,2026-04-08,AAPL
Amazon stock rises after positive product launch announcement,2026-04-08,AMZN
Amazon beats revenue estimates for the third consecutive quarter,2026-04-08,AMZN
Google cuts workforce as part of restructuring plan,2026-04-08,GOOGL
Google faces regulatory scrutiny over data privacy concerns,2026-04-08,GOOGL
"Google reports strong quarterly earnings, beating analyst expectations",2026-04-08,GOOGL
Meta cuts workforce as part of restructuring plan,2026-04-08,META
Meta launches new product line targeting enterprise customers,2026-04-08,META
Meta stock rises after positive product launch announcement,2026-04-08,META
Microsoft expands into new markets with strategic acquisition,2026-04-08,MSFT
Analysts upgrade Microsoft citing improving fundamentals,2026-04-08,MSFT
Microsoft partners with major firm to accelerate AI development,2026-04-08,MSFT
Nvidia partners with major firm to accelerate AI development,2026-04-08,NVDA
Nvidia beats revenue estimates for the third consecutive quarter,2026-04-08,NVDA
Institutional investors increase stake in Tesla,2026-04-08,TSLA
Institutional investors increase stake in Tesla,2026-04-08,TSLA
"Tesla reports strong quarterly earnings, beating analyst expectations",2026-04-08,TSLA
Institutional investors increase stake in Apple,2026-04-09,AAPL
Amazon stock under pressure after disappointing guidance,2026-04-09,AMZN
Amazon stock under pressure after disappointing guidance,2026-04-09,AMZN
Google partners with major firm to accelerate AI development,2026-04-09,GOOGL
Google cuts workforce as part of restructuring plan,2026-04-09,GOOGL
Meta stock rises after positive product launch announcement,2026-04-09,META
"Microsoft reports strong quarterly earnings, beating analyst expectations",2026-04-09,MSFT
"Nvidia reports strong quarterly earnings, beating analyst expectations",2026-04-09,NVDA
Nvidia beats revenue estimates for the third consecutive quarter,2026-04-09,NVDA
"Tesla reports strong quarterly earnings, beating analyst expectations",2026-04-09,TSLA
Analysts upgrade Apple citing improving fundamentals,2026-04-10,AAPL
Amazon stock rises after positive product launch announcement,2026-04-10,AMZN
Analysts upgrade Amazon citing improving fundamentals,2026-04-10,AMZN
Amazon stock rises after positive product launch announcement,2026-04-10,AMZN
Google stock rises after positive product launch announcement,2026-04-10,GOOGL
Meta CEO outlines growth strategy at investor conference,2026-04-10,META
Meta partners with major firm to accelerate AI development,2026-04-10,META
"Microsoft reports strong quarterly earnings, beating analyst expectations",2026-04-10,MSFT
Microsoft partners with major firm to accelerate AI development,2026-04-10,MSFT
Nvidia stock under pressure after disappointing guidance,2026-04-10,NVDA
Nvidia stock rises after positive product launch announcement,2026-04-10,NVDA
Nvidia beats revenue estimates for the third consecutive quarter,2026-04-10,NVDA
Tesla partners with major firm to accelerate AI development,2026-04-10,TSLA
Tesla announces share buyback program worth $5 billion,2026-04-10,TSLA
Apple announces share buyback program worth $5 billion,2026-04-13,AAPL
Amazon partners with major firm to accelerate AI development,2026-04-13,AMZN
Amazon stock rises after positive product launch announcement,2026-04-13,AMZN
Google CEO outlines growth strategy at investor conference,2026-04-13,GOOGL
Google cuts workforce as part of restructuring plan,2026-04-13,GOOGL
Meta cuts workforce as part of restructuring plan,2026-04-13,META
Microsoft stock rises after positive product launch announcement,2026-04-13,MSFT
Microsoft announces share buyback program worth $5 billion,2026-04-13,MSFT
Nvidia stock under pressure after disappointing guidance,2026-04-13,NVDA
Nvidia revenue falls short of forecasts amid market slowdown,2026-04-13,NVDA
Nvidia launches new product line targeting enterprise customers,2026-04-13,NVDA
Tesla raises full-year guidance after strong performance,2026-04-13,TSLA
"Tesla reports strong quarterly earnings, beating analyst expectations",2026-04-13,TSLA
Tesla launches new product line targeting enterprise customers,2026-04-13,TSLA
Apple revenue falls short of forecasts amid market slowdown,2026-04-14,AAPL
Amazon launches new product line targeting enterprise customers,2026-04-14,AMZN
Amazon CEO outlines growth strategy at investor conference,2026-04-14,AMZN
Amazon faces regulatory scrutiny over data privacy concerns,2026-04-14,AMZN
Google cuts workforce as part of restructuring plan,2026-04-14,GOOGL
Institutional investors increase stake in Google,2026-04-14,GOOGL
Meta launches new product line targeting enterprise customers,2026-04-14,META
Analysts upgrade Meta citing improving fundamentals,2026-04-14,META
Meta stock under pressure after disappointing guidance,2026-04-14,META
Microsoft launches new product line targeting enterprise customers,2026-04-14,MSFT
Microsoft cuts workforce as part of restructuring plan,2026-04-14,MSFT
Nvidia partners with major firm to accelerate AI development,2026-04-14,NVDA
Nvidia faces regulatory scrutiny over data privacy concerns,2026-04-14,NVDA
Analysts upgrade Nvidia citing improving fundamentals,2026-04-14,NVDA
Tesla faces regulatory scrutiny over data privacy concerns,2026-04-14,TSLA
Apple raises full-year guidance after strong performance,2026-04-15,AAPL
Apple expands into new markets with strategic acquisition,2026-04-15,AAPL
Apple faces regulatory scrutiny over data privacy concerns,2026-04-15,AAPL
Amazon raises full-year guidance after strong performance,2026-04-15,AMZN
Amazon cuts workforce as part of restructuring plan,2026-04-15,AMZN
Google faces regulatory scrutiny over data privacy concerns,2026-04-15,GOOGL
Meta launches new product line targeting enterprise customers,2026-04-15,META
Meta partners with major firm to accelerate AI development,2026-04-15,META
Microsoft faces regulatory scrutiny over data privacy concerns,2026-04-15,MSFT
Analysts upgrade Nvidia citing improving fundamentals,2026-04-15,NVDA
Tesla stock under pressure after disappointing guidance,2026-04-15,TSLA
Analysts upgrade Tesla citing improving fundamentals,2026-04-15,TSLA
Tesla revenue falls short of forecasts amid market slowdown,2026-04-15,TSLA
Analysts upgrade Apple citing improving fundamentals,2026-04-16,AAPL
Institutional investors increase stake in Apple,2026-04-16,AAPL
Amazon launches new product line targeting enterprise customers,2026-04-16,AMZN
Google stock rises after positive product launch announcement,2026-04-16,GOOGL
Google revenue falls short of forecasts amid market slowdown,2026-04-16,GOOGL
Google CEO outlines growth strategy at investor conference,2026-04-16,GOOGL
Meta launches new product line targeting enterprise customers,2026-04-16,META
Institutional investors increase stake in Meta,2026-04-16,META
"Meta reports strong quarterly earnings, beating analyst expectations",2026-04-16,META
Microsoft partners with major firm to accelerate AI development,2026-04-16,MSFT
Microsoft partners with major firm to accelerate AI development,2026-04-16,MSFT
Nvidia expands into new markets with strategic acquisition,2026-04-16,NVDA
Tesla revenue falls short of forecasts amid market slowdown,2026-04-16,TSLA
Tesla launches new product line targeting enterprise customers,2026-04-16,TSLA
Apple faces regulatory scrutiny over data privacy concerns,2026-04-17,AAPL
Institutional investors increase stake in Apple,2026-04-17,AAPL
"Apple reports strong quarterly earnings, beating analyst expectations",2026-04-17,AAPL
Amazon stock rises after positive product launch announcement,2026-04-17,AMZN
Amazon raises full-year guidance after strong performance,2026-04-17,AMZN
Amazon expands into new markets with strategic acquisition,2026-04-17,AMZN
Google revenue falls short of forecasts amid market slowdown,2026-04-17,GOOGL
Google stock under pressure after disappointing guidance,2026-04-17,GOOGL
"Meta reports strong quarterly earnings, beating analyst expectations",2026-04-17,META
Analysts upgrade Meta citing improving fundamentals,2026-04-17,META
Meta stock rises after positive product launch announcement,2026-04-17,META
Microsoft launches new product line targeting enterprise customers,2026-04-17,MSFT
Microsoft CEO outlines growth strategy at investor conference,2026-04-17,MSFT
Microsoft beats revenue estimates for the third consecutive quarter,2026-04-17,MSFT
Nvidia partners with major firm to accelerate AI development,2026-04-17,NVDA
Nvidia stock rises after positive product launch announcement,2026-04-17,NVDA
Tesla announces share buyback program worth $5 billion,2026-04-17,TSLA
Tesla stock under pressure after disappointing guidance,2026-04-17,TSLA
Institutional investors increase stake in Apple,2026-04-20,AAPL
Amazon cuts workforce as part of restructuring plan,2026-04-20,AMZN
Analysts upgrade Amazon citing improving fundamentals,2026-04-20,AMZN
Institutional investors increase stake in Amazon,2026-04-20,AMZN
Google stock rises after positive product launch announcement,2026-04-20,GOOGL
Institutional investors increase stake in Meta,2026-04-20,META
Meta announces share buyback program worth $5 billion,2026-04-20,META
Microsoft stock under pressure after disappointing guidance,2026-04-20,MSFT
Microsoft partners with major firm to accelerate AI development,2026-04-20,MSFT
Microsoft partners with major firm to accelerate AI development,2026-04-20,MSFT
Analysts upgrade Nvidia citing improving fundamentals,2026-04-20,NVDA
Nvidia stock rises after positive product launch announcement,2026-04-20,NVDA
"Nvidia reports strong quarterly earnings, beating analyst expectations",2026-04-20,NVDA
Tesla announces share buyback program worth $5 billion,2026-04-20,TSLA
Apple revenue falls short of forecasts amid market slowdown,2026-04-21,AAPL
Apple raises full-year guidance after strong performance,2026-04-21,AAPL
Amazon cuts workforce as part of restructuring plan,2026-04-21,AMZN
Amazon revenue falls short of forecasts amid market slowdown,2026-04-21,AMZN
Amazon beats revenue estimates for the third consecutive quarter,2026-04-21,AMZN
Google launches new product line targeting enterprise customers,2026-04-21,GOOGL
Google revenue falls short of forecasts amid market slowdown,2026-04-21,GOOGL
Google CEO outlines growth strategy at investor conference,2026-04-21,GOOGL
Institutional investors increase stake in Meta,2026-04-21,META
Microsoft raises full-year guidance after strong performance,2026-04-21,MSFT
Microsoft raises full-year guidance after strong performance,2026-04-21,MSFT
Microsoft partners with major firm to accelerate AI development,2026-04-21,MSFT
Nvidia announces share buyback program worth $5 billion,2026-04-21,NVDA
Institutional investors increase stake in Tesla,2026-04-21,TSLA
Tesla announces share buyback program worth $5 billion,2026-04-21,TSLA
Apple faces regulatory scrutiny over data privacy concerns,2026-04-22,AAPL
Apple revenue falls short of forecasts amid market slowdown,2026-04-22,AAPL
Apple stock rises after positive product launch announcement,2026-04-22,AAPL
Amazon cuts workforce as part of restructuring plan,2026-04-22,AMZN
Analysts upgrade Amazon citing improving fundamentals,2026-04-22,AMZN
Amazon stock under pressure after disappointing guidance,2026-04-22,AMZN
Google revenue falls short of forecasts amid market slowdown,2026-04-22,GOOGL
Google CEO outlines growth strategy at investor conference,2026-04-22,GOOGL
Google launches new product line targeting enterprise customers,2026-04-22,GOOGL
Meta revenue falls short of forecasts amid market slowdown,2026-04-22,META
Meta announces share buyback program worth $5 billion,2026-04-22,META
Microsoft stock under pressure after disappointing guidance,2026-04-22,MSFT
Microsoft beats revenue estimates for the third consecutive quarter,2026-04-22,MSFT
Nvidia partners with major firm to accelerate AI development,2026-04-22,NVDA
Nvidia faces regulatory scrutiny over data privacy concerns,2026-04-22,NVDA
Analysts upgrade Nvidia citing improving fundamentals,2026-04-22,NVDA
"Tesla reports strong quarterly earnings, beating analyst expectations",2026-04-22,TSLA
"Apple reports strong quarterly earnings, beating analyst expectations",2026-04-23,AAPL
Amazon stock under pressure after disappointing guidance,2026-04-23,AMZN
Amazon cuts workforce as part of restructuring plan,2026-04-23,AMZN
Google beats revenue estimates for the third consecutive quarter,2026-04-23,GOOGL
Meta expands into new markets with strategic acquisition,2026-04-23,META
Analysts upgrade Meta citing improving fundamentals,2026-04-23,META
Microsoft partners with major firm to accelerate AI development,2026-04-23,MSFT
Microsoft faces regulatory scrutiny over data privacy concerns,2026-04-23,MSFT
Nvidia CEO outlines growth strategy at investor conference,2026-04-23,NVDA
Nvidia raises full-year guidance after strong performance,2026-04-23,NVDA
Tesla announces share buyback program worth $5 billion,2026-04-23,TSLA
Institutional investors increase stake in Tesla,2026-04-23,TSLA
Tesla faces regulatory scrutiny over data privacy concerns,2026-04-23,TSLA
Apple raises full-year guidance after strong performance,2026-04-24,AAPL
Apple expands into new markets with strategic acquisition,2026-04-24,AAPL
Amazon expands into new markets with strategic acquisition,2026-04-24,AMZN
Amazon launches new product line targeting enterprise customers,2026-04-24,AMZN
Amazon announces share buyback program worth $5 billion,2026-04-24,AMZN
Google cuts workforce as part of restructuring plan,2026-04-24,GOOGL
Google stock under pressure after disappointing guidance,2026-04-24,GOOGL
Google beats revenue estimates for the third consecutive quarter,2026-04-24,GOOGL
Meta cuts workforce as part of restructuring plan,2026-04-24,META
Meta raises full-year guidance after strong performance,2026-04-24,META
"Microsoft reports strong quarterly earnings, beating analyst expectations",2026-04-24,MSFT
Institutional investors increase stake in Microsoft,2026-04-24,MSFT
Microsoft launches new product line targeting enterprise customers,2026-04-24,MSFT
Nvidia beats revenue estimates for the third consecutive quarter,2026-04-24,NVDA
Tesla stock rises after positive product launch announcement,2026-04-24,TSLA
Tesla partners with major firm to accelerate AI development,2026-04-24,TSLA
